Roles,Games,# Players,# Minions,% Evil Win,STD-ERROR,ConInt95,Avg Days,Avg Days|Evil Win,Avg Days|Good Win;Roles;Games;# Players;# Minions;% Evil Win;STD-ERROR;ConInt95;Avg Days;Avg Days|Evil Win;Avg Days|Good Win
;"Demon;ScarletWoman;Good;Good;Good;Good;Good";10000;7;1;0.5368;0.00499;(0.52703, 0.54657);2.8054;3.0;2.57988
;"Demon;ScarletWoman;Outsider;Good;Good;Good;Good;Good";10000;8;1;0.4743;0.00499;(0.46451, 0.48409);3.4297;3.48176;3.38273
;"Demon;ScarletWoman;Outsider;Outsider;Good;Good;Good;Good;Good";10000;9;1;0.5098;0.005;(0.5, 0.5196);3.7477;4.0;3.48531
;"Demon;ScarletWoman;Assassin;Good;Good;Good;Good;Good;Good;Good";10000;10;2;0.5624;0.00496;(0.55268, 0.57212);3.6488;3.76529;3.49909
;"Demon;ScarletWoman;Assassin;Outsider;Good;Good;Good;Good;Good;Good;Good";10000;11;2;0.5608;0.00496;(0.55107, 0.57053);4.1793;4.26355;4.07172
;"Demon;ScarletWoman;Assassin;Outsider;Outsider;Good;Good;Good;Good;Good;Good;Good";10000;12;2;0.5257;0.00499;(0.51591, 0.53549);4.6019;4.82214;4.35779
;"Demon;ScarletWoman;Assassin;Godfather;Good;Good;Good;Good;Good;Good;Good;Good;Good";10000;13;3;0.6391;0.0048;(0.62969, 0.64851);4.6583;4.70161;4.5816
;"Demon;ScarletWoman;Assassin;Godfather;Outsider;Good;Good;Good;Good;Good;Good;Good;Good;Good";10000;14;3;0.622;0.00485;(0.6125, 0.6315);4.876;4.92058;4.80265
;"Demon;ScarletWoman;PoppyGrower;Good;Good;Good;Good";10000;7;1;0.536;0.00499;(0.52623, 0.54577);2.8024;3.0;2.57414
;"Demon;ScarletWoman;Outsider;PoppyGrower;Good;Good;Good;Good";10000;8;1;0.3905;0.00488;(0.38094, 0.40006);3.5639;3.80999;3.40623
;"Demon;ScarletWoman;Outsider;Outsider;PoppyGrower;Good;Good;Good;Good";10000;9;1;0.5051;0.005;(0.4953, 0.5149);3.7146;4.0;3.42332
;"Demon;ScarletWoman;Assassin;PoppyGrower;Good;Good;Good;Good;Good;Good";10000;10;2;0.4951;0.005;(0.4853, 0.5049);3.7598;4.02808;3.49673
;"Demon;ScarletWoman;Assassin;Outsider;PoppyGrower;Good;Good;Good;Good;Good;Good";10000;11;2;0.386;0.00487;(0.37646, 0.39554);4.3562;4.71218;4.13241
;"Demon;ScarletWoman;Assassin;Outsider;Outsider;PoppyGrower;Good;Good;Good;Good;Good;Good";10000;12;2;0.4601;0.00498;(0.45033, 0.46987);4.6143;5.03434;4.25634
;"Demon;ScarletWoman;Assassin;Godfather;PoppyGrower;Good;Good;Good;Good;Good;Good;Good;Good";10000;13;3;0.4006;0.0049;(0.391, 0.4102);5.0112;5.38667;4.76026
;"Demon;ScarletWoman;Assassin;Godfather;Outsider;PoppyGrower;Good;Good;Good;Good;Good;Good;Good;Good";10000;14;3;0.444;0.00497;(0.43426, 0.45374);5.2011;5.63063;4.85809
;"Demon;ScarletWoman;Klutz;Good;Good;Good;Good;Good";10000;8;1;0.4743;0.00499;(0.46451, 0.48409);3.4297;3.48176;3.38273
;"Demon;ScarletWoman;Klutz;Outsider;Good;Good;Good;Good;Good";10000;9;1;0.5098;0.005;(0.5, 0.5196);3.7477;4.0;3.48531
;"Demon;ScarletWoman;Assassin;Klutz;Good;Good;Good;Good;Good;Good;Good";10000;11;2;0.5608;0.00496;(0.55107, 0.57053);4.1793;4.26355;4.07172
;"Demon;ScarletWoman;Assassin;Klutz;Outsider;Good;Good;Good;Good;Good;Good;Good";10000;12;2;0.5257;0.00499;(0.51591, 0.53549);4.6019;4.82214;4.35779
;"Demon;ScarletWoman;Assassin;Godfather;Klutz;Good;Good;Good;Good;Good;Good;Good;Good;Good";10000;14;3;0.5921;0.00491;(0.58247, 0.60173);5.068;5.18882;4.89262
;"Demon;ScarletWoman;Klutz;PoppyGrower;Good;Good;Good;Good";10000;8;1;0.3905;0.00488;(0.38094, 0.40006);3.5639;3.80999;3.40623
;"Demon;ScarletWoman;Klutz;Outsider;PoppyGrower;Good;Good;Good;Good";10000;9;1;0.5051;0.005;(0.4953, 0.5149);3.7146;4.0;3.42332
;"Demon;ScarletWoman;Assassin;Klutz;PoppyGrower;Good;Good;Good;Good;Good;Good";10000;11;2;0.386;0.00487;(0.37646, 0.39554);4.3562;4.71218;4.13241
;"Demon;ScarletWoman;Assassin;Klutz;Outsider;PoppyGrower;Good;Good;Good;Good;Good;Good";10000;12;2;0.4601;0.00498;(0.45033, 0.46987);4.6143;5.03434;4.25634
;"Demon;ScarletWoman;Assassin;Godfather;Klutz;PoppyGrower;Good;Good;Good;Good;Good;Good;Good;Good";10000;14;3;0.4457;0.00497;(0.43596, 0.45544);5.3123;5.779;4.93704
;"Demon;ScarletWoman;Saint;Good;Good;Good;Good;Good";10000;8;1;0.4743;0.00499;(0.46451, 0.48409);3.4297;3.48176;3.38273
;"Demon;ScarletWoman;Saint;Outsider;Good;Good;Good;Good;Good";10000;9;1;0.5098;0.005;(0.5, 0.5196);3.7477;4.0;3.48531
;"Demon;ScarletWoman;Assassin;Saint;Good;Good;Good;Good;Good;Good;Good";10000;11;2;0.5608;0.00496;(0.55107, 0.57053);4.1793;4.26355;4.07172
;"Demon;ScarletWoman;Assassin;Saint;Outsider;Good;Good;Good;Good;Good;Good;Good";10000;12;2;0.5257;0.00499;(0.51591, 0.53549);4.6019;4.82214;4.35779
;"Demon;ScarletWoman;Assassin;Godfather;Saint;Good;Good;Good;Good;Good;Good;Good;Good;Good";10000;14;3;0.5921;0.00491;(0.58247, 0.60173);5.068;5.18882;4.89262
;"Demon;ScarletWoman;Saint;PoppyGrower;Good;Good;Good;Good";10000;8;1;0.3905;0.00488;(0.38094, 0.40006);3.5639;3.80999;3.40623
;"Demon;ScarletWoman;Saint;Outsider;PoppyGrower;Good;Good;Good;Good";10000;9;1;0.5051;0.005;(0.4953, 0.5149);3.7146;4.0;3.42332
;"Demon;ScarletWoman;Assassin;Saint;PoppyGrower;Good;Good;Good;Good;Good;Good";10000;11;2;0.386;0.00487;(0.37646, 0.39554);4.3562;4.71218;4.13241
;"Demon;ScarletWoman;Assassin;Saint;Outsider;PoppyGrower;Good;Good;Good;Good;Good;Good";10000;12;2;0.4601;0.00498;(0.45033, 0.46987);4.6143;5.03434;4.25634
;"Demon;ScarletWoman;Assassin;Godfather;Saint;PoppyGrower;Good;Good;Good;Good;Good;Good;Good;Good";10000;14;3;0.4457;0.00497;(0.43596, 0.45544);5.3123;5.779;4.93704
;"Demon;ScarletWoman;Saint;Klutz;Good;Good;Good;Good;Good";10000;9;1;0.5098;0.005;(0.5, 0.5196);3.7477;4.0;3.48531
;"Demon;ScarletWoman;Assassin;Saint;Klutz;Good;Good;Good;Good;Good;Good;Good";10000;12;2;0.5257;0.00499;(0.51591, 0.53549);4.6019;4.82214;4.35779
;"Demon;ScarletWoman;Saint;Klutz;PoppyGrower;Good;Good;Good;Good";10000;9;1;0.5051;0.005;(0.4953, 0.5149);3.7146;4.0;3.42332
;"Demon;ScarletWoman;Assassin;Saint;Klutz;PoppyGrower;Good;Good;Good;Good;Good;Good";10000;12;2;0.4601;0.00498;(0.45033, 0.46987);4.6143;5.03434;4.25634
;"Demon;ScarletWoman;Assassin;DA;Good;Good;Good;Good;Good;Good;Good;Good;Good";10000;13;3;0.6871;0.00464;(0.67801, 0.69619);5.089;5.13419;4.98977
;"Demon;ScarletWoman;Assassin;DA;Outsider;Good;Good;Good;Good;Good;Good;Good;Good;Good";10000;14;3;0.6851;0.00464;(0.676, 0.6942);5.5796;5.69975;5.3182
;"Demon;ScarletWoman;Assassin;DA;PoppyGrower;Good;Good;Good;Good;Good;Good;Good;Good";10000;13;3;0.3786;0.00485;(0.36909, 0.38811);5.1684;5.64078;4.88059
;"Demon;ScarletWoman;Assassin;DA;Outsider;PoppyGrower;Good;Good;Good;Good;Good;Good;Good;Good";10000;14;3;0.4484;0.00497;(0.43865, 0.45815);5.4425;5.99376;4.99438
;"Demon;ScarletWoman;Assassin;DA;Klutz;Good;Good;Good;Good;Good;Good;Good;Good;Good";10000;14;3;0.6851;0.00464;(0.676, 0.6942);5.5796;5.69975;5.3182
;"Demon;ScarletWoman;Assassin;DA;Klutz;PoppyGrower;Good;Good;Good;Good;Good;Good;Good;Good";10000;14;3;0.4484;0.00497;(0.43865, 0.45815);5.4425;5.99376;4.99438
;"Demon;ScarletWoman;Assassin;DA;Saint;Good;Good;Good;Good;Good;Good;Good;Good;Good";10000;14;3;0.6851;0.00464;(0.676, 0.6942);5.5796;5.69975;5.3182
;"Demon;ScarletWoman;Assassin;DA;Saint;PoppyGrower;Good;Good;Good;Good;Good;Good;Good;Good";10000;14;3;0.4484;0.00497;(0.43865, 0.45815);5.4425;5.99376;4.99438
;"Demon;ScarletWoman;Assassin;Boomdandy;Good;Good;Good;Good;Good;Good;Good;Good;Good";10000;13;3;0.6089;0.00488;(0.59934, 0.61846);3.8955;3.9481;3.8136
;"Demon;ScarletWoman;Assassin;Boomdandy;Outsider;Good;Good;Good;Good;Good;Good;Good;Good;Good";10000;14;3;0.5829;0.00493;(0.57324, 0.59256);4.1917;4.19815;4.18269
;"Demon;ScarletWoman;Assassin;Boomdandy;PoppyGrower;Good;Good;Good;Good;Good;Good;Good;Good";10000;13;3;0.4565;0.00498;(0.44674, 0.46626);4.262;4.25038;4.27176
;"Demon;ScarletWoman;Assassin;Boomdandy;Outsider;PoppyGrower;Good;Good;Good;Good;Good;Good;Good;Good";10000;14;3;0.4895;0.005;(0.4797, 0.4993);4.4923;4.57446;4.41352
;"Demon;ScarletWoman;Assassin;Boomdandy;Klutz;Good;Good;Good;Good;Good;Good;Good;Good;Good";10000;14;3;0.5829;0.00493;(0.57324, 0.59256);4.1917;4.19815;4.18269
;"Demon;ScarletWoman;Assassin;Boomdandy;Klutz;PoppyGrower;Good;Good;Good;Good;Good;Good;Good;Good";10000;14;3;0.4895;0.005;(0.4797, 0.4993);4.4923;4.57446;4.41352
;"Demon;ScarletWoman;Assassin;Boomdandy;Saint;Good;Good;Good;Good;Good;Good;Good;Good;Good";10000;14;3;0.5829;0.00493;(0.57324, 0.59256);4.1917;4.19815;4.18269
;"Demon;ScarletWoman;Assassin;Boomdandy;Saint;PoppyGrower;Good;Good;Good;Good;Good;Good;Good;Good";10000;14;3;0.4895;0.005;(0.4797, 0.4993);4.4923;4.57446;4.41352
;"Demon;ScarletWoman;Assassin;Goblin;Good;Good;Good;Good;Good;Good;Good;Good;Good";10000;13;3;0.7782;0.00415;(0.77006, 0.78634);3.8739;3.76831;4.24436
;"Demon;ScarletWoman;Assassin;Goblin;Outsider;Good;Good;Good;Good;Good;Good;Good;Good;Good";10000;14;3;0.759;0.00428;(0.75062, 0.76738);4.2213;4.10461;4.5888
;"Demon;ScarletWoman;Assassin;Goblin;PoppyGrower;Good;Good;Good;Good;Good;Good;Good;Good";10000;13;3;0.5771;0.00494;(0.56742, 0.58678);4.2523;3.94698;4.66895
;"Demon;ScarletWoman;Assassin;Goblin;Outsider;PoppyGrower;Good;Good;Good;Good;Good;Good;Good;Good";10000;14;3;0.6078;0.00488;(0.59823, 0.61737);4.4793;4.27624;4.79398
;"Demon;ScarletWoman;Assassin;Goblin;Klutz;Good;Good;Good;Good;Good;Good;Good;Good;Good";10000;14;3;0.759;0.00428;(0.75062, 0.76738);4.2213;4.10461;4.5888
;"Demon;ScarletWoman;Assassin;Goblin;Klutz;PoppyGrower;Good;Good;Good;Good;Good;Good;Good;Good";10000;14;3;0.6078;0.00488;(0.59823, 0.61737);4.4793;4.27624;4.79398
;"Demon;ScarletWoman;Assassin;Goblin;Saint;Good;Good;Good;Good;Good;Good;Good;Good;Good";10000;14;3;0.759;0.00428;(0.75062, 0.76738);4.2213;4.10461;4.5888
;"Demon;ScarletWoman;Assassin;Goblin;Saint;PoppyGrower;Good;Good;Good;Good;Good;Good;Good;Good";10000;14;3;0.6078;0.00488;(0.59823, 0.61737);4.4793;4.27624;4.79398
;"Demon;ScarletWoman;Assassin;Witch;Good;Good;Good;Good;Good;Good;Good;Good;Good";10000;13;3;0.6181;0.00486;(0.60858, 0.62762);4.708;4.80925;4.54412
;"Demon;ScarletWoman;Assassin;Witch;Outsider;Good;Good;Good;Good;Good;Good;Good;Good;Good";10000;14;3;0.584;0.00493;(0.57434, 0.59366);5.156;5.32825;4.91418
;"Demon;ScarletWoman;Assassin;Witch;PoppyGrower;Good;Good;Good;Good;Good;Good;Good;Good";10000;13;3;0.4024;0.0049;(0.39279, 0.41201);5.013;5.4411;4.72473
;"Demon;ScarletWoman;Assassin;Witch;Outsider;PoppyGrower;Good;Good;Good;Good;Good;Good;Good;Good";10000;14;3;0.4316;0.00495;(0.42189, 0.44131);5.3328;5.87905;4.91802
;"Demon;ScarletWoman;Assassin;Witch;Klutz;Good;Good;Good;Good;Good;Good;Good;Good;Good";10000;14;3;0.584;0.00493;(0.57434, 0.59366);5.156;5.32825;4.91418
;"Demon;ScarletWoman;Assassin;Witch;Klutz;PoppyGrower;Good;Good;Good;Good;Good;Good;Good;Good";10000;14;3;0.4316;0.00495;(0.42189, 0.44131);5.3328;5.87905;4.91802
;"Demon;ScarletWoman;Assassin;Witch;Saint;Good;Good;Good;Good;Good;Good;Good;Good;Good";10000;14;3;0.584;0.00493;(0.57434, 0.59366);5.156;5.32825;4.91418
;"Demon;ScarletWoman;Assassin;Witch;Saint;PoppyGrower;Good;Good;Good;Good;Good;Good;Good;Good";10000;14;3;0.4316;0.00495;(0.42189, 0.44131);5.3328;5.87905;4.91802
;"Demon;ScarletWoman;Godfather;Good;Good;Good;Good;Good;Good;Good";10000;10;2;0.5793;0.00494;(0.56962, 0.58898);3.9184;3.93181;3.89993
;"Demon;ScarletWoman;Godfather;Outsider;Good;Good;Good;Good;Good;Good;Good";10000;11;2;0.6077;0.00488;(0.59813, 0.61727);4.1159;4.16867;4.03416
;"Demon;ScarletWoman;Godfather;Outsider;Outsider;Good;Good;Good;Good;Good;Good;Good";10000;12;2;0.5903;0.00492;(0.58066, 0.59994);4.4299;4.40251;4.46937
;"Demon;ScarletWoman;Godfather;DA;Good;Good;Good;Good;Good;Good;Good;Good;Good";10000;13;3;0.7185;0.0045;(0.70969, 0.72731);5.2278;5.254;5.16092
;"Demon;ScarletWoman;Godfather;DA;Outsider;Good;Good;Good;Good;Good;Good;Good;Good;Good";10000;14;3;0.7352;0.00441;(0.72655, 0.74385);5.4517;5.40438;5.58308
;"Demon;ScarletWoman;Godfather;PoppyGrower;Good;Good;Good;Good;Good;Good";10000;10;2;0.4231;0.00494;(0.41342, 0.43278);4.1891;4.39778;4.03605
;"Demon;ScarletWoman;Godfather;Outsider;PoppyGrower;Good;Good;Good;Good;Good;Good";10000;11;2;0.48;0.005;(0.47021, 0.48979);4.335;4.61729;4.07442
;"Demon;ScarletWoman;Godfather;Outsider;Outsider;PoppyGrower;Good;Good;Good;Good;Good;Good";10000;12;2;0.4233;0.00494;(0.41362, 0.43298);4.732;4.98016;4.54985
;"Demon;ScarletWoman;Godfather;DA;PoppyGrower;Good;Good;Good;Good;Good;Good;Good;Good";10000;13;3;0.4689;0.00499;(0.45912, 0.47868);5.2745;5.70591;4.89362
;"Demon;ScarletWoman;Godfather;DA;Outsider;PoppyGrower;Good;Good;Good;Good;Good;Good;Good;Good";10000;14;3;0.4023;0.0049;(0.39269, 0.41191);5.6479;6.05096;5.37661
;"Demon;ScarletWoman;Godfather;Klutz;Good;Good;Good;Good;Good;Good;Good";10000;11;2;0.5781;0.00494;(0.56842, 0.58778);4.3077;4.41152;4.16544
;"Demon;ScarletWoman;Godfather;Klutz;Outsider;Good;Good;Good;Good;Good;Good;Good";10000;12;2;0.5722;0.00495;(0.5625, 0.5819);4.6173;4.62233;4.61057
;"Demon;ScarletWoman;Godfather;DA;Klutz;Good;Good;Good;Good;Good;Good;Good;Good;Good";10000;14;3;0.7131;0.00452;(0.70423, 0.72197);5.7514;5.75557;5.74102
;"Demon;ScarletWoman;Godfather;Klutz;PoppyGrower;Good;Good;Good;Good;Good;Good";10000;11;2;0.4794;0.005;(0.46961, 0.48919);4.4462;4.78202;4.13696
;"Demon;ScarletWoman;Godfather;Klutz;Outsider;PoppyGrower;Good;Good;Good;Good;Good;Good";10000;12;2;0.4046;0.00491;(0.39498, 0.41422);4.879;5.15571;4.69096
;"Demon;ScarletWoman;Godfather;DA;Klutz;PoppyGrower;Good;Good;Good;Good;Good;Good;Good;Good";10000;14;3;0.3787;0.00485;(0.36919, 0.38821);5.8051;6.27938;5.51601
;"Demon;ScarletWoman;Godfather;Saint;Good;Good;Good;Good;Good;Good;Good";10000;11;2;0.5781;0.00494;(0.56842, 0.58778);4.3077;4.41152;4.16544
;"Demon;ScarletWoman;Godfather;Saint;Outsider;Good;Good;Good;Good;Good;Good;Good";10000;12;2;0.5722;0.00495;(0.5625, 0.5819);4.6173;4.62233;4.61057
;"Demon;ScarletWoman;Godfather;DA;Saint;Good;Good;Good;Good;Good;Good;Good;Good;Good";10000;14;3;0.7131;0.00452;(0.70423, 0.72197);5.7514;5.75557;5.74102
;"Demon;ScarletWoman;Godfather;Saint;PoppyGrower;Good;Good;Good;Good;Good;Good";10000;11;2;0.4794;0.005;(0.46961, 0.48919);4.4462;4.78202;4.13696
;"Demon;ScarletWoman;Godfather;Saint;Outsider;PoppyGrower;Good;Good;Good;Good;Good;Good";10000;12;2;0.4046;0.00491;(0.39498, 0.41422);4.879;5.15571;4.69096
;"Demon;ScarletWoman;Godfather;DA;Saint;PoppyGrower;Good;Good;Good;Good;Good;Good;Good;Good";10000;14;3;0.3787;0.00485;(0.36919, 0.38821);5.8051;6.27938;5.51601
;"Demon;ScarletWoman;Godfather;Saint;Klutz;Good;Good;Good;Good;Good;Good;Good";10000;12;2;0.5472;0.00498;(0.53744, 0.55696);4.8156;4.89346;4.72151
;"Demon;ScarletWoman;Godfather;Saint;Klutz;PoppyGrower;Good;Good;Good;Good;Good;Good";10000;12;2;0.383;0.00486;(0.37347, 0.39253);5.0424;5.38903;4.82723
;"Demon;ScarletWoman;Godfather;Boomdandy;Good;Good;Good;Good;Good;Good;Good;Good;Good";10000;13;3;0.6007;0.0049;(0.5911, 0.6103);3.9911;3.9742;4.01653
;"Demon;ScarletWoman;Godfather;Boomdandy;Outsider;Good;Good;Good;Good;Good;Good;Good;Good;Good";10000;14;3;0.6277;0.00483;(0.61823, 0.63717);4.1588;4.18464;4.11523
;"Demon;ScarletWoman;Godfather;Boomdandy;PoppyGrower;Good;Good;Good;Good;Good;Good;Good;Good";10000;13;3;0.4965;0.005;(0.4867, 0.5063);4.3157;4.36415;4.26792
;"Demon;ScarletWoman;Godfather;Boomdandy;Outsider;PoppyGrower;Good;Good;Good;Good;Good;Good;Good;Good";10000;14;3;0.4867;0.005;(0.4769, 0.4965);4.5952;4.54222;4.64543
;"Demon;ScarletWoman;Godfather;Boomdandy;Klutz;Good;Good;Good;Good;Good;Good;Good;Good;Good";10000;14;3;0.6124;0.00487;(0.60285, 0.62195);4.2874;4.33638;4.21001
;"Demon;ScarletWoman;Godfather;Boomdandy;Klutz;PoppyGrower;Good;Good;Good;Good;Good;Good;Good;Good";10000;14;3;0.4719;0.00499;(0.46212, 0.48168);4.7039;4.63488;4.76557
;"Demon;ScarletWoman;Godfather;Boomdandy;Saint;Good;Good;Good;Good;Good;Good;Good;Good;Good";10000;14;3;0.6124;0.00487;(0.60285, 0.62195);4.2874;4.33638;4.21001
;"Demon;ScarletWoman;Godfather;Boomdandy;Saint;PoppyGrower;Good;Good;Good;Good;Good;Good;Good;Good";10000;14;3;0.4719;0.00499;(0.46212, 0.48168);4.7039;4.63488;4.76557
;"Demon;ScarletWoman;Godfather;Goblin;Good;Good;Good;Good;Good;Good;Good;Good;Good";10000;13;3;0.7683;0.00422;(0.76003, 0.77657);3.9883;3.8386;4.48468
;"Demon;ScarletWoman;Godfather;Goblin;Outsider;Good;Good;Good;Good;Good;Good;Good;Good;Good";10000;14;3;0.7896;0.00408;(0.78161, 0.79759);4.1739;4.06358;4.58793
;"Demon;ScarletWoman;Godfather;Goblin;PoppyGrower;Good;Good;Good;Good;Good;Good;Good;Good";10000;13;3;0.6318;0.00482;(0.62235, 0.64125);4.3133;4.09892;4.68115
;"Demon;ScarletWoman;Godfather;Goblin;Outsider;PoppyGrower;Good;Good;Good;Good;Good;Good;Good;Good";10000;14;3;0.5994;0.0049;(0.5898, 0.609);4.5767;4.22139;5.10834
;"Demon;ScarletWoman;Godfather;Goblin;Klutz;Good;Good;Good;Good;Good;Good;Good;Good;Good";10000;14;3;0.7817;0.00413;(0.7736, 0.7898);4.2846;4.15876;4.73523
;"Demon;ScarletWoman;Godfather;Goblin;Klutz;PoppyGrower;Good;Good;Good;Good;Good;Good;Good;Good";10000;14;3;0.5959;0.00491;(0.58628, 0.60552);4.6864;4.29351;5.26578
;"Demon;ScarletWoman;Godfather;Goblin;Saint;Good;Good;Good;Good;Good;Good;Good;Good;Good";10000;14;3;0.7817;0.00413;(0.7736, 0.7898);4.2846;4.15876;4.73523
;"Demon;ScarletWoman;Godfather;Goblin;Saint;PoppyGrower;Good;Good;Good;Good;Good;Good;Good;Good";10000;14;3;0.5959;0.00491;(0.58628, 0.60552);4.6864;4.29351;5.26578
;"Demon;ScarletWoman;Godfather;Witch;Good;Good;Good;Good;Good;Good;Good;Good;Good";10000;13;3;0.6216;0.00485;(0.61209, 0.63111);4.8723;4.95158;4.74207
;"Demon;ScarletWoman;Godfather;Witch;Outsider;Good;Good;Good;Good;Good;Good;Good;Good;Good";10000;14;3;0.6232;0.00485;(0.6137, 0.6327);5.1204;5.14843;5.07404
;"Demon;ScarletWoman;Godfather;Witch;PoppyGrower;Good;Good;Good;Good;Good;Good;Good;Good";10000;13;3;0.4642;0.00499;(0.45443, 0.47397);5.2001;5.60599;4.84845
;"Demon;ScarletWoman;Godfather;Witch;Outsider;PoppyGrower;Good;Good;Good;Good;Good;Good;Good;Good";10000;14;3;0.4139;0.00493;(0.40425, 0.42355);5.4831;5.90384;5.18598
;"Demon;ScarletWoman;Godfather;Witch;Klutz;Good;Good;Good;Good;Good;Good;Good;Good;Good";10000;14;3;0.6031;0.00489;(0.59351, 0.61269);5.3305;5.42116;5.19274
;"Demon;ScarletWoman;Godfather;Witch;Klutz;PoppyGrower;Good;Good;Good;Good;Good;Good;Good;Good";10000;14;3;0.3974;0.00489;(0.38781, 0.40699);5.6554;6.11651;5.35131
;"Demon;ScarletWoman;Godfather;Witch;Saint;Good;Good;Good;Good;Good;Good;Good;Good;Good";10000;14;3;0.6031;0.00489;(0.59351, 0.61269);5.3305;5.42116;5.19274
;"Demon;ScarletWoman;Godfather;Witch;Saint;PoppyGrower;Good;Good;Good;Good;Good;Good;Good;Good";10000;14;3;0.3974;0.00489;(0.38781, 0.40699);5.6554;6.11651;5.35131
;"Demon;ScarletWoman;DA;Good;Good;Good;Good;Good;Good;Good";10000;10;2;0.7012;0.00458;(0.69223, 0.71017);4.3443;4.32986;4.37818
;"Demon;ScarletWoman;DA;Outsider;Good;Good;Good;Good;Good;Good;Good";10000;11;2;0.6479;0.00478;(0.63854, 0.65726);4.8102;4.88054;4.68077
;"Demon;ScarletWoman;DA;Outsider;Outsider;Good;Good;Good;Good;Good;Good;Good";10000;12;2;0.5971;0.0049;(0.58749, 0.60671);5.2957;5.39843;5.14346
;"Demon;ScarletWoman;DA;Boomdandy;Good;Good;Good;Good;Good;Good;Good;Good;Good";10000;13;3;0.6376;0.00481;(0.62818, 0.64702);4.3066;4.32952;4.26628
;"Demon;ScarletWoman;DA;Boomdandy;Outsider;Good;Good;Good;Good;Good;Good;Good;Good;Good";10000;14;3;0.6722;0.00469;(0.663, 0.6814);4.6597;4.76272;4.44844
;"Demon;ScarletWoman;DA;PoppyGrower;Good;Good;Good;Good;Good;Good";10000;10;2;0.3966;0.00489;(0.38701, 0.40619);4.3684;4.67297;4.16821
;"Demon;ScarletWoman;DA;Outsider;PoppyGrower;Good;Good;Good;Good;Good;Good";10000;11;2;0.4766;0.00499;(0.46681, 0.48639);4.5768;4.97482;4.21437
;"Demon;ScarletWoman;DA;Outsider;Outsider;PoppyGrower;Good;Good;Good;Good;Good;Good";10000;12;2;0.3541;0.00478;(0.34473, 0.36347);5.2329;5.7111;4.97074
;"Demon;ScarletWoman;DA;Boomdandy;PoppyGrower;Good;Good;Good;Good;Good;Good;Good;Good";10000;13;3;0.5018;0.005;(0.492, 0.5116);4.4165;4.48944;4.34303
;"Demon;ScarletWoman;DA;Boomdandy;Outsider;PoppyGrower;Good;Good;Good;Good;Good;Good;Good;Good";10000;14;3;0.4536;0.00498;(0.44384, 0.46336);4.833;4.69621;4.94656
;"Demon;ScarletWoman;DA;Klutz;Good;Good;Good;Good;Good;Good;Good";10000;11;2;0.6479;0.00478;(0.63854, 0.65726);4.8102;4.88054;4.68077
;"Demon;ScarletWoman;DA;Klutz;Outsider;Good;Good;Good;Good;Good;Good;Good";10000;12;2;0.5971;0.0049;(0.58749, 0.60671);5.2957;5.39843;5.14346
;"Demon;ScarletWoman;DA;Boomdandy;Klutz;Good;Good;Good;Good;Good;Good;Good;Good;Good";10000;14;3;0.6722;0.00469;(0.663, 0.6814);4.6597;4.76272;4.44844
;"Demon;ScarletWoman;DA;Klutz;PoppyGrower;Good;Good;Good;Good;Good;Good";10000;11;2;0.4766;0.00499;(0.46681, 0.48639);4.5768;4.97482;4.21437
;"Demon;ScarletWoman;DA;Klutz;Outsider;PoppyGrower;Good;Good;Good;Good;Good;Good";10000;12;2;0.3541;0.00478;(0.34473, 0.36347);5.2329;5.7111;4.97074
;"Demon;ScarletWoman;DA;Boomdandy;Klutz;PoppyGrower;Good;Good;Good;Good;Good;Good;Good;Good";10000;14;3;0.4536;0.00498;(0.44384, 0.46336);4.833;4.69621;4.94656
;"Demon;ScarletWoman;DA;Saint;Good;Good;Good;Good;Good;Good;Good";10000;11;2;0.6479;0.00478;(0.63854, 0.65726);4.8102;4.88054;4.68077
;"Demon;ScarletWoman;DA;Saint;Outsider;Good;Good;Good;Good;Good;Good;Good";10000;12;2;0.5971;0.0049;(0.58749, 0.60671);5.2957;5.39843;5.14346
;"Demon;ScarletWoman;DA;Boomdandy;Saint;Good;Good;Good;Good;Good;Good;Good;Good;Good";10000;14;3;0.6722;0.00469;(0.663, 0.6814);4.6597;4.76272;4.44844
;"Demon;ScarletWoman;DA;Saint;PoppyGrower;Good;Good;Good;Good;Good;Good";10000;11;2;0.4766;0.00499;(0.46681, 0.48639);4.5768;4.97482;4.21437
;"Demon;ScarletWoman;DA;Saint;Outsider;PoppyGrower;Good;Good;Good;Good;Good;Good";10000;12;2;0.3541;0.00478;(0.34473, 0.36347);5.2329;5.7111;4.97074
;"Demon;ScarletWoman;DA;Boomdandy;Saint;PoppyGrower;Good;Good;Good;Good;Good;Good;Good;Good";10000;14;3;0.4536;0.00498;(0.44384, 0.46336);4.833;4.69621;4.94656
;"Demon;ScarletWoman;DA;Saint;Klutz;Good;Good;Good;Good;Good;Good;Good";10000;12;2;0.5971;0.0049;(0.58749, 0.60671);5.2957;5.39843;5.14346
;"Demon;ScarletWoman;DA;Saint;Klutz;PoppyGrower;Good;Good;Good;Good;Good;Good";10000;12;2;0.3541;0.00478;(0.34473, 0.36347);5.2329;5.7111;4.97074
;"Demon;ScarletWoman;DA;Goblin;Good;Good;Good;Good;Good;Good;Good;Good;Good";10000;13;3;0.827;0.00378;(0.81959, 0.83441);4.2815;4.14148;4.95087
;"Demon;ScarletWoman;DA;Goblin;Outsider;Good;Good;Good;Good;Good;Good;Good;Good;Good";10000;14;3;0.8582;0.00349;(0.85136, 0.86504);4.6702;4.5677;5.29055
;"Demon;ScarletWoman;DA;Goblin;PoppyGrower;Good;Good;Good;Good;Good;Good;Good;Good";10000;13;3;0.6387;0.0048;(0.62928, 0.64812);4.4264;4.22984;4.77387
;"Demon;ScarletWoman;DA;Goblin;Outsider;PoppyGrower;Good;Good;Good;Good;Good;Good;Good;Good";10000;14;3;0.5876;0.00492;(0.57795, 0.59725);4.8332;4.42291;5.4178
;"Demon;ScarletWoman;DA;Goblin;Klutz;Good;Good;Good;Good;Good;Good;Good;Good;Good";10000;14;3;0.8582;0.00349;(0.85136, 0.86504);4.6702;4.5677;5.29055
;"Demon;ScarletWoman;DA;Goblin;Klutz;PoppyGrower;Good;Good;Good;Good;Good;Good;Good;Good";10000;14;3;0.5876;0.00492;(0.57795, 0.59725);4.8332;4.42291;5.4178
;"Demon;ScarletWoman;DA;Goblin;Saint;Good;Good;Good;Good;Good;Good;Good;Good;Good";10000;14;3;0.8582;0.00349;(0.85136, 0.86504);4.6702;4.5677;5.29055
;"Demon;ScarletWoman;DA;Goblin;Saint;PoppyGrower;Good;Good;Good;Good;Good;Good;Good;Good";10000;14;3;0.5876;0.00492;(0.57795, 0.59725);4.8332;4.42291;5.4178
;"Demon;ScarletWoman;DA;Witch;Good;Good;Good;Good;Good;Good;Good;Good;Good";10000;13;3;0.7066;0.00455;(0.69768, 0.71552);5.3371;5.4332;5.10566
;"Demon;ScarletWoman;DA;Witch;Outsider;Good;Good;Good;Good;Good;Good;Good;Good;Good";10000;14;3;0.7064;0.00455;(0.69747, 0.71533);5.8734;5.94875;5.6921
;"Demon;ScarletWoman;DA;Witch;PoppyGrower;Good;Good;Good;Good;Good;Good;Good;Good";10000;13;3;0.4463;0.00497;(0.43656, 0.45604);5.3241;5.8259;4.91963
;"Demon;ScarletWoman;DA;Witch;Outsider;PoppyGrower;Good;Good;Good;Good;Good;Good;Good;Good";10000;14;3;0.3816;0.00486;(0.37208, 0.39112);5.8671;6.40356;5.53606
;"Demon;ScarletWoman;DA;Witch;Klutz;Good;Good;Good;Good;Good;Good;Good;Good;Good";10000;14;3;0.7064;0.00455;(0.69747, 0.71533);5.8734;5.94875;5.6921
;"Demon;ScarletWoman;DA;Witch;Klutz;PoppyGrower;Good;Good;Good;Good;Good;Good;Good;Good";10000;14;3;0.3816;0.00486;(0.37208, 0.39112);5.8671;6.40356;5.53606
;"Demon;ScarletWoman;DA;Witch;Saint;Good;Good;Good;Good;Good;Good;Good;Good;Good";10000;14;3;0.7064;0.00455;(0.69747, 0.71533);5.8734;5.94875;5.6921
;"Demon;ScarletWoman;DA;Witch;Saint;PoppyGrower;Good;Good;Good;Good;Good;Good;Good;Good";10000;14;3;0.3816;0.00486;(0.37208, 0.39112);5.8671;6.40356;5.53606
;"Demon;ScarletWoman;Boomdandy;Good;Good;Good;Good;Good;Good;Good";10000;10;2;0.6106;0.00488;(0.60104, 0.62016);3.2604;3.32345;3.16153
;"Demon;ScarletWoman;Boomdandy;Outsider;Good;Good;Good;Good;Good;Good;Good";10000;11;2;0.5478;0.00498;(0.53804, 0.55756);3.634;3.60515;3.66895
;"Demon;ScarletWoman;Boomdandy;Outsider;Outsider;Good;Good;Good;Good;Good;Good;Good";10000;12;2;0.594;0.00491;(0.58437, 0.60363);3.9076;3.98199;3.79877
;"Demon;ScarletWoman;Boomdandy;Goblin;Good;Good;Good;Good;Good;Good;Good;Good;Good";10000;13;3;0.7383;0.0044;(0.72968, 0.74692);3.3274;3.24881;3.5491
;"Demon;ScarletWoman;Boomdandy;Goblin;Outsider;Good;Good;Good;Good;Good;Good;Good;Good;Good";10000;14;3;0.7257;0.00446;(0.71696, 0.73444);3.62;3.49993;3.93766
;"Demon;ScarletWoman;Boomdandy;PoppyGrower;Good;Good;Good;Good;Good;Good";10000;10;2;0.481;0.005;(0.47121, 0.49079);3.5471;3.49231;3.59788
;"Demon;ScarletWoman;Boomdandy;Outsider;PoppyGrower;Good;Good;Good;Good;Good;Good";10000;11;2;0.5098;0.005;(0.5, 0.5196);3.8142;3.8929;3.73235
;"Demon;ScarletWoman;Boomdandy;Outsider;Outsider;PoppyGrower;Good;Good;Good;Good;Good;Good";10000;12;2;0.4505;0.00498;(0.44075, 0.46025);4.2155;4.09034;4.31811
;"Demon;ScarletWoman;Boomdandy;Goblin;PoppyGrower;Good;Good;Good;Good;Good;Good;Good;Good";10000;13;3;0.6439;0.00479;(0.63451, 0.65329);3.6684;3.45333;4.05729
;"Demon;ScarletWoman;Boomdandy;Goblin;Outsider;PoppyGrower;Good;Good;Good;Good;Good;Good;Good;Good";10000;14;3;0.6226;0.00485;(0.6131, 0.6321);3.9597;3.6142;4.52968
;"Demon;ScarletWoman;Boomdandy;Klutz;Good;Good;Good;Good;Good;Good;Good";10000;11;2;0.5478;0.00498;(0.53804, 0.55756);3.634;3.60515;3.66895
;"Demon;ScarletWoman;Boomdandy;Klutz;Outsider;Good;Good;Good;Good;Good;Good;Good";10000;12;2;0.594;0.00491;(0.58437, 0.60363);3.9076;3.98199;3.79877
;"Demon;ScarletWoman;Boomdandy;Goblin;Klutz;Good;Good;Good;Good;Good;Good;Good;Good;Good";10000;14;3;0.7257;0.00446;(0.71696, 0.73444);3.62;3.49993;3.93766
;"Demon;ScarletWoman;Boomdandy;Klutz;PoppyGrower;Good;Good;Good;Good;Good;Good";10000;11;2;0.5098;0.005;(0.5, 0.5196);3.8142;3.8929;3.73235
;"Demon;ScarletWoman;Boomdandy;Klutz;Outsider;PoppyGrower;Good;Good;Good;Good;Good;Good";10000;12;2;0.4505;0.00498;(0.44075, 0.46025);4.2155;4.09034;4.31811
;"Demon;ScarletWoman;Boomdandy;Goblin;Klutz;PoppyGrower;Good;Good;Good;Good;Good;Good;Good;Good";10000;14;3;0.6226;0.00485;(0.6131, 0.6321);3.9597;3.6142;4.52968
;"Demon;ScarletWoman;Boomdandy;Saint;Good;Good;Good;Good;Good;Good;Good";10000;11;2;0.5478;0.00498;(0.53804, 0.55756);3.634;3.60515;3.66895
;"Demon;ScarletWoman;Boomdandy;Saint;Outsider;Good;Good;Good;Good;Good;Good;Good";10000;12;2;0.594;0.00491;(0.58437, 0.60363);3.9076;3.98199;3.79877
;"Demon;ScarletWoman;Boomdandy;Goblin;Saint;Good;Good;Good;Good;Good;Good;Good;Good;Good";10000;14;3;0.7257;0.00446;(0.71696, 0.73444);3.62;3.49993;3.93766
;"Demon;ScarletWoman;Boomdandy;Saint;PoppyGrower;Good;Good;Good;Good;Good;Good";10000;11;2;0.5098;0.005;(0.5, 0.5196);3.8142;3.8929;3.73235
;"Demon;ScarletWoman;Boomdandy;Saint;Outsider;PoppyGrower;Good;Good;Good;Good;Good;Good";10000;12;2;0.4505;0.00498;(0.44075, 0.46025);4.2155;4.09034;4.31811
;"Demon;ScarletWoman;Boomdandy;Goblin;Saint;PoppyGrower;Good;Good;Good;Good;Good;Good;Good;Good";10000;14;3;0.6226;0.00485;(0.6131, 0.6321);3.9597;3.6142;4.52968
;"Demon;ScarletWoman;Boomdandy;Saint;Klutz;Good;Good;Good;Good;Good;Good;Good";10000;12;2;0.594;0.00491;(0.58437, 0.60363);3.9076;3.98199;3.79877
;"Demon;ScarletWoman;Boomdandy;Saint;Klutz;PoppyGrower;Good;Good;Good;Good;Good;Good";10000;12;2;0.4505;0.00498;(0.44075, 0.46025);4.2155;4.09034;4.31811
;"Demon;ScarletWoman;Boomdandy;Witch;Good;Good;Good;Good;Good;Good;Good;Good;Good";10000;13;3;0.5888;0.00492;(0.57916, 0.59844);4.0622;4.06929;4.05204
;"Demon;ScarletWoman;Boomdandy;Witch;Outsider;Good;Good;Good;Good;Good;Good;Good;Good;Good";10000;14;3;0.5972;0.0049;(0.58759, 0.60681);4.3641;4.44424;4.24528
;"Demon;ScarletWoman;Boomdandy;Witch;PoppyGrower;Good;Good;Good;Good;Good;Good;Good;Good";10000;13;3;0.4932;0.005;(0.4834, 0.503);4.3913;4.43998;4.34392
;"Demon;ScarletWoman;Boomdandy;Witch;Outsider;PoppyGrower;Good;Good;Good;Good;Good;Good;Good;Good";10000;14;3;0.4597;0.00498;(0.44993, 0.46947);4.7635;4.68827;4.8275
;"Demon;ScarletWoman;Boomdandy;Witch;Klutz;Good;Good;Good;Good;Good;Good;Good;Good;Good";10000;14;3;0.5972;0.0049;(0.58759, 0.60681);4.3641;4.44424;4.24528
;"Demon;ScarletWoman;Boomdandy;Witch;Klutz;PoppyGrower;Good;Good;Good;Good;Good;Good;Good;Good";10000;14;3;0.4597;0.00498;(0.44993, 0.46947);4.7635;4.68827;4.8275
;"Demon;ScarletWoman;Boomdandy;Witch;Saint;Good;Good;Good;Good;Good;Good;Good;Good;Good";10000;14;3;0.5972;0.0049;(0.58759, 0.60681);4.3641;4.44424;4.24528
;"Demon;ScarletWoman;Boomdandy;Witch;Saint;PoppyGrower;Good;Good;Good;Good;Good;Good;Good;Good";10000;14;3;0.4597;0.00498;(0.44993, 0.46947);4.7635;4.68827;4.8275
;"Demon;ScarletWoman;Goblin;Good;Good;Good;Good;Good;Good;Good";10000;10;2;0.7757;0.00417;(0.76752, 0.78388);3.2605;3.18577;3.51895
;"Demon;ScarletWoman;Goblin;Outsider;Good;Good;Good;Good;Good;Good;Good";10000;11;2;0.7233;0.00447;(0.71453, 0.73207);3.5962;3.43661;4.01337
;"Demon;ScarletWoman;Goblin;Outsider;Outsider;Good;Good;Good;Good;Good;Good;Good";10000;12;2;0.7616;0.00426;(0.75325, 0.76995);3.9033;3.79701;4.24287
;"Demon;ScarletWoman;Goblin;Witch;Good;Good;Good;Good;Good;Good;Good;Good;Good";10000;13;3;0.7567;0.00429;(0.74829, 0.76511);4.0542;3.90881;4.50637
;"Demon;ScarletWoman;Goblin;Witch;Outsider;Good;Good;Good;Good;Good;Good;Good;Good;Good";10000;14;3;0.7685;0.00422;(0.76023, 0.77677);4.4062;4.27703;4.83499
;"Demon;ScarletWoman;Goblin;PoppyGrower;Good;Good;Good;Good;Good;Good";10000;10;2;0.5996;0.0049;(0.59, 0.6092);3.5597;3.26501;4.001
;"Demon;ScarletWoman;Goblin;Outsider;PoppyGrower;Good;Good;Good;Good;Good;Good";10000;11;2;0.6308;0.00483;(0.62134, 0.64026);3.7874;3.60938;4.09155
;"Demon;ScarletWoman;Goblin;Outsider;Outsider;PoppyGrower;Good;Good;Good;Good;Good;Good";10000;12;2;0.5731;0.00495;(0.56341, 0.58279);4.2041;3.82394;4.71445
;"Demon;ScarletWoman;Goblin;Witch;PoppyGrower;Good;Good;Good;Good;Good;Good;Good;Good";10000;13;3;0.6157;0.00486;(0.60617, 0.62523);4.3827;4.14861;4.75774
;"Demon;ScarletWoman;Goblin;Witch;Outsider;PoppyGrower;Good;Good;Good;Good;Good;Good;Good;Good";10000;14;3;0.5922;0.00491;(0.58257, 0.60183);4.7528;4.39277;5.27563
;"Demon;ScarletWoman;Goblin;Klutz;Good;Good;Good;Good;Good;Good;Good";10000;11;2;0.7233;0.00447;(0.71453, 0.73207);3.5962;3.43661;4.01337
;"Demon;ScarletWoman;Goblin;Klutz;Outsider;Good;Good;Good;Good;Good;Good;Good";10000;12;2;0.7616;0.00426;(0.75325, 0.76995);3.9033;3.79701;4.24287
;"Demon;ScarletWoman;Goblin;Witch;Klutz;Good;Good;Good;Good;Good;Good;Good;Good;Good";10000;14;3;0.7685;0.00422;(0.76023, 0.77677);4.4062;4.27703;4.83499
;"Demon;ScarletWoman;Goblin;Klutz;PoppyGrower;Good;Good;Good;Good;Good;Good";10000;11;2;0.6308;0.00483;(0.62134, 0.64026);3.7874;3.60938;4.09155
;"Demon;ScarletWoman;Goblin;Klutz;Outsider;PoppyGrower;Good;Good;Good;Good;Good;Good";10000;12;2;0.5731;0.00495;(0.56341, 0.58279);4.2041;3.82394;4.71445
;"Demon;ScarletWoman;Goblin;Witch;Klutz;PoppyGrower;Good;Good;Good;Good;Good;Good;Good;Good";10000;14;3;0.5922;0.00491;(0.58257, 0.60183);4.7528;4.39277;5.27563
;"Demon;ScarletWoman;Goblin;Saint;Good;Good;Good;Good;Good;Good;Good";10000;11;2;0.7233;0.00447;(0.71453, 0.73207);3.5962;3.43661;4.01337
;"Demon;ScarletWoman;Goblin;Saint;Outsider;Good;Good;Good;Good;Good;Good;Good";10000;12;2;0.7616;0.00426;(0.75325, 0.76995);3.9033;3.79701;4.24287
;"Demon;ScarletWoman;Goblin;Witch;Saint;Good;Good;Good;Good;Good;Good;Good;Good;Good";10000;14;3;0.7685;0.00422;(0.76023, 0.77677);4.4062;4.27703;4.83499
;"Demon;ScarletWoman;Goblin;Saint;PoppyGrower;Good;Good;Good;Good;Good;Good";10000;11;2;0.6308;0.00483;(0.62134, 0.64026);3.7874;3.60938;4.09155
;"Demon;ScarletWoman;Goblin;Saint;Outsider;PoppyGrower;Good;Good;Good;Good;Good;Good";10000;12;2;0.5731;0.00495;(0.56341, 0.58279);4.2041;3.82394;4.71445
;"Demon;ScarletWoman;Goblin;Witch;Saint;PoppyGrower;Good;Good;Good;Good;Good;Good;Good;Good";10000;14;3;0.5922;0.00491;(0.58257, 0.60183);4.7528;4.39277;5.27563
;"Demon;ScarletWoman;Goblin;Saint;Klutz;Good;Good;Good;Good;Good;Good;Good";10000;12;2;0.7616;0.00426;(0.75325, 0.76995);3.9033;3.79701;4.24287
;"Demon;ScarletWoman;Goblin;Saint;Klutz;PoppyGrower;Good;Good;Good;Good;Good;Good";10000;12;2;0.5731;0.00495;(0.56341, 0.58279);4.2041;3.82394;4.71445
;"Demon;Assassin;Good;Good;Good;Good;Good";10000;7;1;0.5213;0.005;(0.51151, 0.53109);2.1575;2.32246;1.97786
;"Demon;Assassin;Outsider;Good;Good;Good;Good;Good";10000;8;1;0.4341;0.00496;(0.42439, 0.44381);2.651;3.08063;2.32143
;"Demon;Assassin;Outsider;Outsider;Good;Good;Good;Good;Good";10000;9;1;0.4153;0.00493;(0.40564, 0.42496);2.9302;3.39441;2.60048
;"Demon;Assassin;Godfather;Good;Good;Good;Good;Good;Good;Good";10000;10;2;0.4829;0.005;(0.47311, 0.49269);3.0124;3.43322;2.61942
;"Demon;Assassin;Godfather;Outsider;Good;Good;Good;Good;Good;Good;Good";10000;11;2;0.4753;0.00499;(0.46551, 0.48509);3.2775;3.73911;2.85935
;"Demon;Assassin;Godfather;Outsider;Outsider;Good;Good;Good;Good;Good;Good;Good";10000;12;2;0.4759;0.00499;(0.46611, 0.48569);3.4767;3.95188;3.04522
;"Demon;Assassin;Godfather;DA;Good;Good;Good;Good;Good;Good;Good;Good;Good";10000;13;3;0.589;0.00492;(0.57936, 0.59864);4.2752;4.75518;3.58735
;"Demon;Assassin;Godfather;DA;Outsider;Good;Good;Good;Good;Good;Good;Good;Good;Good";10000;14;3;0.592;0.00491;(0.58237, 0.60163);4.4887;4.95963;3.80539
;"Demon;Assassin;PoppyGrower;Good;Good;Good;Good";10000;7;1;0.3957;0.00489;(0.38612, 0.40528);2.4121;2.74501;2.19411
;"Demon;Assassin;Outsider;PoppyGrower;Good;Good;Good;Good";10000;8;1;0.4316;0.00495;(0.42189, 0.44131);2.6535;3.08109;2.32882
;"Demon;Assassin;Outsider;Outsider;PoppyGrower;Good;Good;Good;Good";10000;9;1;0.3276;0.00469;(0.3184, 0.3368);3.1336;3.79701;2.81038
;"Demon;Assassin;Godfather;PoppyGrower;Good;Good;Good;Good;Good;Good";10000;10;2;0.4114;0.00492;(0.40176, 0.42104);3.2441;3.86072;2.81312
;"Demon;Assassin;Godfather;Outsider;PoppyGrower;Good;Good;Good;Good;Good;Good";10000;11;2;0.3436;0.00475;(0.33429, 0.35291);3.5833;4.24767;3.23553
;"Demon;Assassin;Godfather;Outsider;Outsider;PoppyGrower;Good;Good;Good;Good;Good;Good";10000;12;2;0.3694;0.00483;(0.35994, 0.37886);3.7965;4.58013;3.33746
;"Demon;Assassin;Godfather;DA;PoppyGrower;Good;Good;Good;Good;Good;Good;Good;Good";10000;13;3;0.3037;0.0046;(0.29469, 0.31271);4.3084;5.34409;3.85667
;"Demon;Assassin;Godfather;DA;Outsider;PoppyGrower;Good;Good;Good;Good;Good;Good;Good;Good";10000;14;3;0.3485;0.00476;(0.33916, 0.35784);4.5013;5.59828;3.9145
;"Demon;Assassin;Klutz;Good;Good;Good;Good;Good";10000;8;1;0.4341;0.00496;(0.42439, 0.44381);2.651;3.08063;2.32143
;"Demon;Assassin;Klutz;Outsider;Good;Good;Good;Good;Good";10000;9;1;0.4153;0.00493;(0.40564, 0.42496);2.9302;3.39441;2.60048
;"Demon;Assassin;Godfather;Klutz;Good;Good;Good;Good;Good;Good;Good";10000;11;2;0.4531;0.00498;(0.44334, 0.46286);3.3894;3.93291;2.93911
;"Demon;Assassin;Godfather;Klutz;Outsider;Good;Good;Good;Good;Good;Good;Good";10000;12;2;0.4631;0.00499;(0.45333, 0.47287);3.5947;4.14187;3.12274
;"Demon;Assassin;Godfather;DA;Klutz;Good;Good;Good;Good;Good;Good;Good;Good;Good";10000;14;3;0.5739;0.00495;(0.56421, 0.58359);4.7113;5.27792;3.94813
;"Demon;Assassin;Klutz;PoppyGrower;Good;Good;Good;Good";10000;8;1;0.4316;0.00495;(0.42189, 0.44131);2.6535;3.08109;2.32882
;"Demon;Assassin;Klutz;Outsider;PoppyGrower;Good;Good;Good;Good";10000;9;1;0.3276;0.00469;(0.3184, 0.3368);3.1336;3.79701;2.81038
;"Demon;Assassin;Godfather;Klutz;PoppyGrower;Good;Good;Good;Good;Good;Good";10000;11;2;0.3275;0.00469;(0.3183, 0.3367);3.6716;4.44275;3.29606
;"Demon;Assassin;Godfather;Klutz;Outsider;PoppyGrower;Good;Good;Good;Good;Good;Good";10000;12;2;0.3664;0.00482;(0.35696, 0.37584);3.8566;4.70115;3.36821
;"Demon;Assassin;Godfather;DA;Klutz;PoppyGrower;Good;Good;Good;Good;Good;Good;Good;Good";10000;14;3;0.3441;0.00475;(0.33479, 0.35341);4.5697;5.7771;3.93627
;"Demon;Assassin;Saint;Good;Good;Good;Good;Good";10000;8;1;0.4341;0.00496;(0.42439, 0.44381);2.651;3.08063;2.32143
;"Demon;Assassin;Saint;Outsider;Good;Good;Good;Good;Good";10000;9;1;0.4153;0.00493;(0.40564, 0.42496);2.9302;3.39441;2.60048
;"Demon;Assassin;Godfather;Saint;Good;Good;Good;Good;Good;Good;Good";10000;11;2;0.4531;0.00498;(0.44334, 0.46286);3.3894;3.93291;2.93911
;"Demon;Assassin;Godfather;Saint;Outsider;Good;Good;Good;Good;Good;Good;Good";10000;12;2;0.4631;0.00499;(0.45333, 0.47287);3.5947;4.14187;3.12274
;"Demon;Assassin;Godfather;DA;Saint;Good;Good;Good;Good;Good;Good;Good;Good;Good";10000;14;3;0.5739;0.00495;(0.56421, 0.58359);4.7113;5.27792;3.94813
;"Demon;Assassin;Saint;PoppyGrower;Good;Good;Good;Good";10000;8;1;0.4316;0.00495;(0.42189, 0.44131);2.6535;3.08109;2.32882
;"Demon;Assassin;Saint;Outsider;PoppyGrower;Good;Good;Good;Good";10000;9;1;0.3276;0.00469;(0.3184, 0.3368);3.1336;3.79701;2.81038
;"Demon;Assassin;Godfather;Saint;PoppyGrower;Good;Good;Good;Good;Good;Good";10000;11;2;0.3275;0.00469;(0.3183, 0.3367);3.6716;4.44275;3.29606
;"Demon;Assassin;Godfather;Saint;Outsider;PoppyGrower;Good;Good;Good;Good;Good;Good";10000;12;2;0.3664;0.00482;(0.35696, 0.37584);3.8566;4.70115;3.36821
;"Demon;Assassin;Godfather;DA;Saint;PoppyGrower;Good;Good;Good;Good;Good;Good;Good;Good";10000;14;3;0.3441;0.00475;(0.33479, 0.35341);4.5697;5.7771;3.93627
;"Demon;Assassin;Saint;Klutz;Good;Good;Good;Good;Good";10000;9;1;0.4153;0.00493;(0.40564, 0.42496);2.9302;3.39441;2.60048
;"Demon;Assassin;Godfather;Saint;Klutz;Good;Good;Good;Good;Good;Good;Good";10000;12;2;0.4392;0.00496;(0.42947, 0.44893);3.7522;4.41189;3.23556
;"Demon;Assassin;Saint;Klutz;PoppyGrower;Good;Good;Good;Good";10000;9;1;0.3276;0.00469;(0.3184, 0.3368);3.1336;3.79701;2.81038
;"Demon;Assassin;Godfather;Saint;Klutz;PoppyGrower;Good;Good;Good;Good;Good;Good";10000;12;2;0.3657;0.00482;(0.35626, 0.37514);3.9334;4.84031;3.41053
;"Demon;Assassin;Godfather;Boomdandy;Good;Good;Good;Good;Good;Good;Good;Good;Good";10000;13;3;0.4882;0.005;(0.4784, 0.498);3.2085;3.56206;2.87124
;"Demon;Assassin;Godfather;Boomdandy;Outsider;Good;Good;Good;Good;Good;Good;Good;Good;Good";10000;14;3;0.4859;0.005;(0.4761, 0.4957);3.3766;3.70817;3.06322
;"Demon;Assassin;Godfather;Boomdandy;PoppyGrower;Good;Good;Good;Good;Good;Good;Good;Good";10000;13;3;0.3895;0.00488;(0.37994, 0.39906);3.5889;3.92657;3.37346
;"Demon;Assassin;Godfather;Boomdandy;Outsider;PoppyGrower;Good;Good;Good;Good;Good;Good;Good;Good";10000;14;3;0.3989;0.0049;(0.3893, 0.4085);3.757;4.17097;3.48228
;"Demon;Assassin;Godfather;Boomdandy;Klutz;Good;Good;Good;Good;Good;Good;Good;Good;Good";10000;14;3;0.4668;0.00499;(0.45702, 0.47658);3.4807;3.85326;3.15454
;"Demon;Assassin;Godfather;Boomdandy;Klutz;PoppyGrower;Good;Good;Good;Good;Good;Good;Good;Good";10000;14;3;0.3933;0.00488;(0.38373, 0.40287);3.8217;4.22629;3.55942
;"Demon;Assassin;Godfather;Boomdandy;Saint;Good;Good;Good;Good;Good;Good;Good;Good;Good";10000;14;3;0.4668;0.00499;(0.45702, 0.47658);3.4807;3.85326;3.15454
;"Demon;Assassin;Godfather;Boomdandy;Saint;PoppyGrower;Good;Good;Good;Good;Good;Good;Good;Good";10000;14;3;0.3933;0.00488;(0.38373, 0.40287);3.8217;4.22629;3.55942
;"Demon;Assassin;Godfather;Goblin;Good;Good;Good;Good;Good;Good;Good;Good;Good";10000;13;3;0.6198;0.00485;(0.61029, 0.62931);3.2295;3.42465;2.91136
;"Demon;Assassin;Godfather;Goblin;Outsider;Good;Good;Good;Good;Good;Good;Good;Good;Good";10000;14;3;0.6223;0.00485;(0.6128, 0.6318);3.3743;3.58348;3.02965
;"Demon;Assassin;Godfather;Goblin;PoppyGrower;Good;Good;Good;Good;Good;Good;Good;Good";10000;13;3;0.4825;0.005;(0.47271, 0.49229);3.5941;3.68104;3.51304
;"Demon;Assassin;Godfather;Goblin;Outsider;PoppyGrower;Good;Good;Good;Good;Good;Good;Good;Good";10000;14;3;0.4995;0.005;(0.4897, 0.5093);3.7751;3.8965;3.65395
;"Demon;Assassin;Godfather;Goblin;Klutz;Good;Good;Good;Good;Good;Good;Good;Good;Good";10000;14;3;0.6085;0.00488;(0.59893, 0.61807);3.4717;3.6871;3.13691
;"Demon;Assassin;Godfather;Goblin;Klutz;PoppyGrower;Good;Good;Good;Good;Good;Good;Good;Good";10000;14;3;0.4987;0.005;(0.4889, 0.5085);3.813;3.93563;3.691
;"Demon;Assassin;Godfather;Goblin;Saint;Good;Good;Good;Good;Good;Good;Good;Good;Good";10000;14;3;0.6085;0.00488;(0.59893, 0.61807);3.4717;3.6871;3.13691
;"Demon;Assassin;Godfather;Goblin;Saint;PoppyGrower;Good;Good;Good;Good;Good;Good;Good;Good";10000;14;3;0.4987;0.005;(0.4889, 0.5085);3.813;3.93563;3.691
;"Demon;Assassin;Godfather;Witch;Good;Good;Good;Good;Good;Good;Good;Good;Good";10000;13;3;0.4881;0.005;(0.4783, 0.4979);3.8495;4.42737;3.2985
;"Demon;Assassin;Godfather;Witch;Outsider;Good;Good;Good;Good;Good;Good;Good;Good;Good";10000;14;3;0.4839;0.005;(0.47411, 0.49369);4.0383;4.64931;3.46541
;"Demon;Assassin;Godfather;Witch;PoppyGrower;Good;Good;Good;Good;Good;Good;Good;Good";10000;13;3;0.324;0.00468;(0.31483, 0.33317);4.2377;5.19167;3.78047
;"Demon;Assassin;Godfather;Witch;Outsider;PoppyGrower;Good;Good;Good;Good;Good;Good;Good;Good";10000;14;3;0.356;0.00479;(0.34662, 0.36538);4.4542;5.48258;3.88571
;"Demon;Assassin;Godfather;Witch;Klutz;Good;Good;Good;Good;Good;Good;Good;Good;Good";10000;14;3;0.4633;0.00499;(0.45353, 0.47307);4.1959;4.91172;3.57798
;"Demon;Assassin;Godfather;Witch;Klutz;PoppyGrower;Good;Good;Good;Good;Good;Good;Good;Good";10000;14;3;0.3442;0.00475;(0.33489, 0.35351);4.5268;5.67228;3.92559
;"Demon;Assassin;Godfather;Witch;Saint;Good;Good;Good;Good;Good;Good;Good;Good;Good";10000;14;3;0.4633;0.00499;(0.45353, 0.47307);4.1959;4.91172;3.57798
;"Demon;Assassin;Godfather;Witch;Saint;PoppyGrower;Good;Good;Good;Good;Good;Good;Good;Good";10000;14;3;0.3442;0.00475;(0.33489, 0.35351);4.5268;5.67228;3.92559
;"Demon;Assassin;DA;Good;Good;Good;Good;Good;Good;Good";10000;10;2;0.5995;0.0049;(0.5899, 0.6091);3.411;3.8035;2.82347
;"Demon;Assassin;DA;Outsider;Good;Good;Good;Good;Good;Good;Good";10000;11;2;0.5745;0.00494;(0.56481, 0.58419);3.8596;4.33003;3.22444
;"Demon;Assassin;DA;Outsider;Outsider;Good;Good;Good;Good;Good;Good;Good";10000;12;2;0.5323;0.00499;(0.52252, 0.54208);4.2971;4.87319;3.64144
;"Demon;Assassin;DA;Boomdandy;Good;Good;Good;Good;Good;Good;Good;Good;Good";10000;13;3;0.5471;0.00498;(0.53734, 0.55686);3.5614;3.89179;3.16229
;"Demon;Assassin;DA;Boomdandy;Outsider;Good;Good;Good;Good;Good;Good;Good;Good;Good";10000;14;3;0.5422;0.00498;(0.53243, 0.55197);3.9021;4.25286;3.48668
;"Demon;Assassin;DA;PoppyGrower;Good;Good;Good;Good;Good;Good";10000;10;2;0.3944;0.00489;(0.38482, 0.40398);3.3106;4.02307;2.8466
;"Demon;Assassin;DA;Outsider;PoppyGrower;Good;Good;Good;Good;Good;Good";10000;11;2;0.3026;0.00459;(0.2936, 0.3116);3.7757;4.68308;3.38199
;"Demon;Assassin;DA;Outsider;Outsider;PoppyGrower;Good;Good;Good;Good;Good;Good";10000;12;2;0.3603;0.0048;(0.35089, 0.36971);4.0364;5.01915;3.48288
;"Demon;Assassin;DA;Boomdandy;PoppyGrower;Good;Good;Good;Good;Good;Good;Good;Good";10000;13;3;0.3767;0.00485;(0.3672, 0.3862);3.6705;4.02575;3.4558
;"Demon;Assassin;DA;Boomdandy;Outsider;PoppyGrower;Good;Good;Good;Good;Good;Good;Good;Good";10000;14;3;0.3894;0.00488;(0.37984, 0.39896);3.8897;4.35311;3.59417
;"Demon;Assassin;DA;Klutz;Good;Good;Good;Good;Good;Good;Good";10000;11;2;0.5745;0.00494;(0.56481, 0.58419);3.8596;4.33003;3.22444
;"Demon;Assassin;DA;Klutz;Outsider;Good;Good;Good;Good;Good;Good;Good";10000;12;2;0.5323;0.00499;(0.52252, 0.54208);4.2971;4.87319;3.64144
;"Demon;Assassin;DA;Boomdandy;Klutz;Good;Good;Good;Good;Good;Good;Good;Good;Good";10000;14;3;0.5422;0.00498;(0.53243, 0.55197);3.9021;4.25286;3.48668
;"Demon;Assassin;DA;Klutz;PoppyGrower;Good;Good;Good;Good;Good;Good";10000;11;2;0.3026;0.00459;(0.2936, 0.3116);3.7757;4.68308;3.38199
;"Demon;Assassin;DA;Klutz;Outsider;PoppyGrower;Good;Good;Good;Good;Good;Good";10000;12;2;0.3603;0.0048;(0.35089, 0.36971);4.0364;5.01915;3.48288
;"Demon;Assassin;DA;Boomdandy;Klutz;PoppyGrower;Good;Good;Good;Good;Good;Good;Good;Good";10000;14;3;0.3894;0.00488;(0.37984, 0.39896);3.8897;4.35311;3.59417
;"Demon;Assassin;DA;Saint;Good;Good;Good;Good;Good;Good;Good";10000;11;2;0.5745;0.00494;(0.56481, 0.58419);3.8596;4.33003;3.22444
;"Demon;Assassin;DA;Saint;Outsider;Good;Good;Good;Good;Good;Good;Good";10000;12;2;0.5323;0.00499;(0.52252, 0.54208);4.2971;4.87319;3.64144
;"Demon;Assassin;DA;Boomdandy;Saint;Good;Good;Good;Good;Good;Good;Good;Good;Good";10000;14;3;0.5422;0.00498;(0.53243, 0.55197);3.9021;4.25286;3.48668
;"Demon;Assassin;DA;Saint;PoppyGrower;Good;Good;Good;Good;Good;Good";10000;11;2;0.3026;0.00459;(0.2936, 0.3116);3.7757;4.68308;3.38199
;"Demon;Assassin;DA;Saint;Outsider;PoppyGrower;Good;Good;Good;Good;Good;Good";10000;12;2;0.3603;0.0048;(0.35089, 0.36971);4.0364;5.01915;3.48288
;"Demon;Assassin;DA;Boomdandy;Saint;PoppyGrower;Good;Good;Good;Good;Good;Good;Good;Good";10000;14;3;0.3894;0.00488;(0.37984, 0.39896);3.8897;4.35311;3.59417
;"Demon;Assassin;DA;Saint;Klutz;Good;Good;Good;Good;Good;Good;Good";10000;12;2;0.5323;0.00499;(0.52252, 0.54208);4.2971;4.87319;3.64144
;"Demon;Assassin;DA;Saint;Klutz;PoppyGrower;Good;Good;Good;Good;Good;Good";10000;12;2;0.3603;0.0048;(0.35089, 0.36971);4.0364;5.01915;3.48288
;"Demon;Assassin;DA;Goblin;Good;Good;Good;Good;Good;Good;Good;Good;Good";10000;13;3;0.6953;0.0046;(0.68628, 0.70432);3.5744;3.73968;3.19724
;"Demon;Assassin;DA;Goblin;Outsider;Good;Good;Good;Good;Good;Good;Good;Good;Good";10000;14;3;0.6943;0.00461;(0.68527, 0.70333);3.8722;4.06683;3.43016
;"Demon;Assassin;DA;Goblin;PoppyGrower;Good;Good;Good;Good;Good;Good;Good;Good";10000;13;3;0.4727;0.00499;(0.46291, 0.48249);3.6774;3.73154;3.62886
;"Demon;Assassin;DA;Goblin;Outsider;PoppyGrower;Good;Good;Good;Good;Good;Good;Good;Good";10000;14;3;0.4963;0.005;(0.4865, 0.5061);3.9172;4.11082;3.72642
;"Demon;Assassin;DA;Goblin;Klutz;Good;Good;Good;Good;Good;Good;Good;Good;Good";10000;14;3;0.6943;0.00461;(0.68527, 0.70333);3.8722;4.06683;3.43016
;"Demon;Assassin;DA;Goblin;Klutz;PoppyGrower;Good;Good;Good;Good;Good;Good;Good;Good";10000;14;3;0.4963;0.005;(0.4865, 0.5061);3.9172;4.11082;3.72642
;"Demon;Assassin;DA;Goblin;Saint;Good;Good;Good;Good;Good;Good;Good;Good;Good";10000;14;3;0.6943;0.00461;(0.68527, 0.70333);3.8722;4.06683;3.43016
;"Demon;Assassin;DA;Goblin;Saint;PoppyGrower;Good;Good;Good;Good;Good;Good;Good;Good";10000;14;3;0.4963;0.005;(0.4865, 0.5061);3.9172;4.11082;3.72642
;"Demon;Assassin;DA;Witch;Good;Good;Good;Good;Good;Good;Good;Good;Good";10000;13;3;0.5839;0.00493;(0.57424, 0.59356);4.3701;4.84586;3.70248
;"Demon;Assassin;DA;Witch;Outsider;Good;Good;Good;Good;Good;Good;Good;Good;Good";10000;14;3;0.5704;0.00495;(0.5607, 0.5801);4.7777;5.39779;3.95438
;"Demon;Assassin;DA;Witch;PoppyGrower;Good;Good;Good;Good;Good;Good;Good;Good";10000;13;3;0.3152;0.00465;(0.30609, 0.32431);4.3608;5.41561;3.87529
;"Demon;Assassin;DA;Witch;Outsider;PoppyGrower;Good;Good;Good;Good;Good;Good;Good;Good";10000;14;3;0.338;0.00473;(0.32873, 0.34727);4.6184;5.86036;3.98429
;"Demon;Assassin;DA;Witch;Klutz;Good;Good;Good;Good;Good;Good;Good;Good;Good";10000;14;3;0.5704;0.00495;(0.5607, 0.5801);4.7777;5.39779;3.95438
;"Demon;Assassin;DA;Witch;Klutz;PoppyGrower;Good;Good;Good;Good;Good;Good;Good;Good";10000;14;3;0.338;0.00473;(0.32873, 0.34727);4.6184;5.86036;3.98429
;"Demon;Assassin;DA;Witch;Saint;Good;Good;Good;Good;Good;Good;Good;Good;Good";10000;14;3;0.5704;0.00495;(0.5607, 0.5801);4.7777;5.39779;3.95438
;"Demon;Assassin;DA;Witch;Saint;PoppyGrower;Good;Good;Good;Good;Good;Good;Good;Good";10000;14;3;0.338;0.00473;(0.32873, 0.34727);4.6184;5.86036;3.98429
;"Demon;Assassin;Boomdandy;Good;Good;Good;Good;Good;Good;Good";10000;10;2;0.4842;0.005;(0.4744, 0.494);2.5678;2.79575;2.35382
;"Demon;Assassin;Boomdandy;Outsider;Good;Good;Good;Good;Good;Good;Good";10000;11;2;0.4564;0.00498;(0.44664, 0.46616);2.8794;3.19084;2.61792
;"Demon;Assassin;Boomdandy;Outsider;Outsider;Good;Good;Good;Good;Good;Good;Good";10000;12;2;0.4415;0.00497;(0.43177, 0.45123);3.1269;3.43692;2.88183
;"Demon;Assassin;Boomdandy;Goblin;Good;Good;Good;Good;Good;Good;Good;Good;Good";10000;13;3;0.6033;0.00489;(0.59371, 0.61289);2.7512;2.84005;2.61608
;"Demon;Assassin;Boomdandy;Goblin;Outsider;Good;Good;Good;Good;Good;Good;Good;Good;Good";10000;14;3;0.5887;0.00492;(0.57906, 0.59834);2.9448;3.07967;2.75176
;"Demon;Assassin;Boomdandy;PoppyGrower;Good;Good;Good;Good;Good;Good";10000;10;2;0.4332;0.00496;(0.42349, 0.44291);2.8184;3.14174;2.57128
;"Demon;Assassin;Boomdandy;Outsider;PoppyGrower;Good;Good;Good;Good;Good;Good";10000;11;2;0.3781;0.00485;(0.3686, 0.3876);3.1456;3.43666;2.96864
;"Demon;Assassin;Boomdandy;Outsider;Outsider;PoppyGrower;Good;Good;Good;Good;Good;Good";10000;12;2;0.4007;0.0049;(0.3911, 0.4103);3.3889;3.77514;3.13065
;"Demon;Assassin;Boomdandy;Goblin;PoppyGrower;Good;Good;Good;Good;Good;Good;Good;Good";10000;13;3;0.5138;0.005;(0.504, 0.5236);3.0802;3.04476;3.11765
;"Demon;Assassin;Boomdandy;Goblin;Outsider;PoppyGrower;Good;Good;Good;Good;Good;Good;Good;Good";10000;14;3;0.5317;0.00499;(0.52192, 0.54148);3.2718;3.2855;3.25625
;"Demon;Assassin;Boomdandy;Klutz;Good;Good;Good;Good;Good;Good;Good";10000;11;2;0.4564;0.00498;(0.44664, 0.46616);2.8794;3.19084;2.61792
;"Demon;Assassin;Boomdandy;Klutz;Outsider;Good;Good;Good;Good;Good;Good;Good";10000;12;2;0.4415;0.00497;(0.43177, 0.45123);3.1269;3.43692;2.88183
;"Demon;Assassin;Boomdandy;Goblin;Klutz;Good;Good;Good;Good;Good;Good;Good;Good;Good";10000;14;3;0.5887;0.00492;(0.57906, 0.59834);2.9448;3.07967;2.75176
;"Demon;Assassin;Boomdandy;Klutz;PoppyGrower;Good;Good;Good;Good;Good;Good";10000;11;2;0.3781;0.00485;(0.3686, 0.3876);3.1456;3.43666;2.96864
;"Demon;Assassin;Boomdandy;Klutz;Outsider;PoppyGrower;Good;Good;Good;Good;Good;Good";10000;12;2;0.4007;0.0049;(0.3911, 0.4103);3.3889;3.77514;3.13065
;"Demon;Assassin;Boomdandy;Goblin;Klutz;PoppyGrower;Good;Good;Good;Good;Good;Good;Good;Good";10000;14;3;0.5317;0.00499;(0.52192, 0.54148);3.2718;3.2855;3.25625
;"Demon;Assassin;Boomdandy;Saint;Good;Good;Good;Good;Good;Good;Good";10000;11;2;0.4564;0.00498;(0.44664, 0.46616);2.8794;3.19084;2.61792
;"Demon;Assassin;Boomdandy;Saint;Outsider;Good;Good;Good;Good;Good;Good;Good";10000;12;2;0.4415;0.00497;(0.43177, 0.45123);3.1269;3.43692;2.88183
;"Demon;Assassin;Boomdandy;Goblin;Saint;Good;Good;Good;Good;Good;Good;Good;Good;Good";10000;14;3;0.5887;0.00492;(0.57906, 0.59834);2.9448;3.07967;2.75176
;"Demon;Assassin;Boomdandy;Saint;PoppyGrower;Good;Good;Good;Good;Good;Good";10000;11;2;0.3781;0.00485;(0.3686, 0.3876);3.1456;3.43666;2.96864
;"Demon;Assassin;Boomdandy;Saint;Outsider;PoppyGrower;Good;Good;Good;Good;Good;Good";10000;12;2;0.4007;0.0049;(0.3911, 0.4103);3.3889;3.77514;3.13065
;"Demon;Assassin;Boomdandy;Goblin;Saint;PoppyGrower;Good;Good;Good;Good;Good;Good;Good;Good";10000;14;3;0.5317;0.00499;(0.52192, 0.54148);3.2718;3.2855;3.25625
;"Demon;Assassin;Boomdandy;Saint;Klutz;Good;Good;Good;Good;Good;Good;Good";10000;12;2;0.4415;0.00497;(0.43177, 0.45123);3.1269;3.43692;2.88183
;"Demon;Assassin;Boomdandy;Saint;Klutz;PoppyGrower;Good;Good;Good;Good;Good;Good";10000;12;2;0.4007;0.0049;(0.3911, 0.4103);3.3889;3.77514;3.13065
;"Demon;Assassin;Boomdandy;Witch;Good;Good;Good;Good;Good;Good;Good;Good;Good";10000;13;3;0.467;0.00499;(0.45722, 0.47678);3.2568;3.61478;2.94315
;"Demon;Assassin;Boomdandy;Witch;Outsider;Good;Good;Good;Good;Good;Good;Good;Good;Good";10000;14;3;0.4573;0.00498;(0.44754, 0.46706);3.5217;3.90619;3.19772
;"Demon;Assassin;Boomdandy;Witch;PoppyGrower;Good;Good;Good;Good;Good;Good;Good;Good";10000;13;3;0.3803;0.00485;(0.37078, 0.38982);3.6197;3.98606;3.39487
;"Demon;Assassin;Boomdandy;Witch;Outsider;PoppyGrower;Good;Good;Good;Good;Good;Good;Good;Good";10000;14;3;0.39;0.00488;(0.38044, 0.39956);3.8571;4.33333;3.55262
;"Demon;Assassin;Boomdandy;Witch;Klutz;Good;Good;Good;Good;Good;Good;Good;Good;Good";10000;14;3;0.4573;0.00498;(0.44754, 0.46706);3.5217;3.90619;3.19772
;"Demon;Assassin;Boomdandy;Witch;Klutz;PoppyGrower;Good;Good;Good;Good;Good;Good;Good;Good";10000;14;3;0.39;0.00488;(0.38044, 0.39956);3.8571;4.33333;3.55262
;"Demon;Assassin;Boomdandy;Witch;Saint;Good;Good;Good;Good;Good;Good;Good;Good;Good";10000;14;3;0.4573;0.00498;(0.44754, 0.46706);3.5217;3.90619;3.19772
;"Demon;Assassin;Boomdandy;Witch;Saint;PoppyGrower;Good;Good;Good;Good;Good;Good;Good;Good";10000;14;3;0.39;0.00488;(0.38044, 0.39956);3.8571;4.33333;3.55262
;"Demon;Assassin;Goblin;Good;Good;Good;Good;Good;Good;Good";10000;10;2;0.6108;0.00488;(0.60124, 0.62036);2.5758;2.71251;2.36125
;"Demon;Assassin;Goblin;Outsider;Good;Good;Good;Good;Good;Good;Good";10000;11;2;0.5968;0.00491;(0.58719, 0.60641);2.8958;3.07691;2.62773
;"Demon;Assassin;Goblin;Outsider;Outsider;Good;Good;Good;Good;Good;Good;Good";10000;12;2;0.5817;0.00493;(0.57203, 0.59137);3.1404;3.317;2.89481
;"Demon;Assassin;Goblin;Witch;Good;Good;Good;Good;Good;Good;Good;Good;Good";10000;13;3;0.6037;0.00489;(0.59411, 0.61329);3.2361;3.45652;2.90033
;"Demon;Assassin;Goblin;Witch;Outsider;Good;Good;Good;Good;Good;Good;Good;Good;Good";10000;14;3;0.5909;0.00492;(0.58126, 0.60054);3.5372;3.75393;3.22415
;"Demon;Assassin;Goblin;PoppyGrower;Good;Good;Good;Good;Good;Good";10000;10;2;0.5325;0.00499;(0.52272, 0.54228);2.8266;2.96958;2.66374
;"Demon;Assassin;Goblin;Outsider;PoppyGrower;Good;Good;Good;Good;Good;Good";10000;11;2;0.478;0.005;(0.46821, 0.48779);3.1594;3.20397;3.11858
;"Demon;Assassin;Goblin;Outsider;Outsider;PoppyGrower;Good;Good;Good;Good;Good;Good";10000;12;2;0.5033;0.005;(0.4935, 0.5131);3.3875;3.54838;3.22448
;"Demon;Assassin;Goblin;Witch;PoppyGrower;Good;Good;Good;Good;Good;Good;Good;Good";10000;13;3;0.4871;0.005;(0.4773, 0.4969);3.609;3.69534;3.527
;"Demon;Assassin;Goblin;Witch;Outsider;PoppyGrower;Good;Good;Good;Good;Good;Good;Good;Good";10000;14;3;0.5012;0.005;(0.4914, 0.511);3.8291;3.98883;3.6686
;"Demon;Assassin;Goblin;Klutz;Good;Good;Good;Good;Good;Good;Good";10000;11;2;0.5968;0.00491;(0.58719, 0.60641);2.8958;3.07691;2.62773
;"Demon;Assassin;Goblin;Klutz;Outsider;Good;Good;Good;Good;Good;Good;Good";10000;12;2;0.5817;0.00493;(0.57203, 0.59137);3.1404;3.317;2.89481
;"Demon;Assassin;Goblin;Witch;Klutz;Good;Good;Good;Good;Good;Good;Good;Good;Good";10000;14;3;0.5909;0.00492;(0.58126, 0.60054);3.5372;3.75393;3.22415
;"Demon;Assassin;Goblin;Klutz;PoppyGrower;Good;Good;Good;Good;Good;Good";10000;11;2;0.478;0.005;(0.46821, 0.48779);3.1594;3.20397;3.11858
;"Demon;Assassin;Goblin;Klutz;Outsider;PoppyGrower;Good;Good;Good;Good;Good;Good";10000;12;2;0.5033;0.005;(0.4935, 0.5131);3.3875;3.54838;3.22448
;"Demon;Assassin;Goblin;Witch;Klutz;PoppyGrower;Good;Good;Good;Good;Good;Good;Good;Good";10000;14;3;0.5012;0.005;(0.4914, 0.511);3.8291;3.98883;3.6686
;"Demon;Assassin;Goblin;Saint;Good;Good;Good;Good;Good;Good;Good";10000;11;2;0.5968;0.00491;(0.58719, 0.60641);2.8958;3.07691;2.62773
;"Demon;Assassin;Goblin;Saint;Outsider;Good;Good;Good;Good;Good;Good;Good";10000;12;2;0.5817;0.00493;(0.57203, 0.59137);3.1404;3.317;2.89481
;"Demon;Assassin;Goblin;Witch;Saint;Good;Good;Good;Good;Good;Good;Good;Good;Good";10000;14;3;0.5909;0.00492;(0.58126, 0.60054);3.5372;3.75393;3.22415
;"Demon;Assassin;Goblin;Saint;PoppyGrower;Good;Good;Good;Good;Good;Good";10000;11;2;0.478;0.005;(0.46821, 0.48779);3.1594;3.20397;3.11858
;"Demon;Assassin;Goblin;Saint;Outsider;PoppyGrower;Good;Good;Good;Good;Good;Good";10000;12;2;0.5033;0.005;(0.4935, 0.5131);3.3875;3.54838;3.22448
;"Demon;Assassin;Goblin;Witch;Saint;PoppyGrower;Good;Good;Good;Good;Good;Good;Good;Good";10000;14;3;0.5012;0.005;(0.4914, 0.511);3.8291;3.98883;3.6686
;"Demon;Assassin;Goblin;Saint;Klutz;Good;Good;Good;Good;Good;Good;Good";10000;12;2;0.5817;0.00493;(0.57203, 0.59137);3.1404;3.317;2.89481
;"Demon;Assassin;Goblin;Saint;Klutz;PoppyGrower;Good;Good;Good;Good;Good;Good";10000;12;2;0.5033;0.005;(0.4935, 0.5131);3.3875;3.54838;3.22448
;"Demon;Godfather;Good;Good;Good;Good;Good";10000;7;1;0.4988;0.005;(0.489, 0.5086);2.3903;2.68484;2.09717
;"Demon;Godfather;Outsider;Good;Good;Good;Good;Good";10000;8;1;0.4623;0.00499;(0.45253, 0.47207);2.6334;2.88233;2.41938
;"Demon;Godfather;Outsider;Outsider;Good;Good;Good;Good;Good";10000;9;1;0.4557;0.00498;(0.44594, 0.46546);2.9155;3.37261;2.53279
;"Demon;Godfather;DA;Good;Good;Good;Good;Good;Good;Good";10000;10;2;0.5796;0.00494;(0.56992, 0.58928);3.5939;3.96256;3.08563
;"Demon;Godfather;DA;Outsider;Good;Good;Good;Good;Good;Good;Good";10000;11;2;0.5947;0.00491;(0.58508, 0.60432);3.7707;4.13721;3.23291
;"Demon;Godfather;DA;Outsider;Outsider;Good;Good;Good;Good;Good;Good;Good";10000;12;2;0.5947;0.00491;(0.58508, 0.60432);4.0188;4.3775;3.49247
;"Demon;Godfather;DA;Boomdandy;Good;Good;Good;Good;Good;Good;Good;Good;Good";10000;13;3;0.5657;0.00496;(0.55598, 0.57542);3.6326;3.95828;3.20838
;"Demon;Godfather;DA;Boomdandy;Outsider;Good;Good;Good;Good;Good;Good;Good;Good;Good";10000;14;3;0.5757;0.00494;(0.56601, 0.58539);3.806;4.1539;3.33396
;"Demon;Godfather;PoppyGrower;Good;Good;Good;Good";10000;7;1;0.4507;0.00498;(0.44095, 0.46045);2.4663;2.85844;2.14455
;"Demon;Godfather;Outsider;PoppyGrower;Good;Good;Good;Good";10000;8;1;0.3839;0.00486;(0.37437, 0.39343);2.8256;3.2459;2.56371
;"Demon;Godfather;Outsider;Outsider;PoppyGrower;Good;Good;Good;Good";10000;9;1;0.4077;0.00491;(0.39807, 0.41733);3.058;3.61908;2.67179
;"Demon;Godfather;DA;PoppyGrower;Good;Good;Good;Good;Good;Good";10000;10;2;0.3258;0.00469;(0.31661, 0.33499);3.5912;4.32351;3.23732
;"Demon;Godfather;DA;Outsider;PoppyGrower;Good;Good;Good;Good;Good;Good";10000;11;2;0.3692;0.00483;(0.35974, 0.37866);3.7548;4.59615;3.26237
;"Demon;Godfather;DA;Outsider;Outsider;PoppyGrower;Good;Good;Good;Good;Good;Good";10000;12;2;0.332;0.00471;(0.32277, 0.34123);4.0851;4.95723;3.65165
;"Demon;Godfather;DA;Boomdandy;PoppyGrower;Good;Good;Good;Good;Good;Good;Good;Good";10000;13;3;0.4039;0.00491;(0.39428, 0.41352);3.7277;4.15598;3.43751
;"Demon;Godfather;DA;Boomdandy;Outsider;PoppyGrower;Good;Good;Good;Good;Good;Good;Good;Good";10000;14;3;0.3857;0.00487;(0.37616, 0.39524);3.9347;4.25745;3.73205
;"Demon;Godfather;Klutz;Good;Good;Good;Good;Good";10000;8;1;0.4227;0.00494;(0.41302, 0.43238);2.764;3.1119;2.50927
;"Demon;Godfather;Klutz;Outsider;Good;Good;Good;Good;Good";10000;9;1;0.4493;0.00497;(0.43955, 0.45905);2.9799;3.48275;2.56964
;"Demon;Godfather;DA;Klutz;Good;Good;Good;Good;Good;Good;Good";10000;11;2;0.5683;0.00495;(0.55859, 0.57801);3.9758;4.4195;3.39171
;"Demon;Godfather;DA;Klutz;Outsider;Good;Good;Good;Good;Good;Good;Good";10000;12;2;0.5601;0.00496;(0.55037, 0.56983);4.1595;4.58186;3.62173
;"Demon;Godfather;DA;Boomdandy;Klutz;Good;Good;Good;Good;Good;Good;Good;Good;Good";10000;14;3;0.5565;0.00497;(0.54676, 0.56624);3.9419;4.3159;3.4726
;"Demon;Godfather;Klutz;PoppyGrower;Good;Good;Good;Good";10000;8;1;0.3509;0.00477;(0.34155, 0.36025);2.9484;3.45341;2.6754
;"Demon;Godfather;Klutz;Outsider;PoppyGrower;Good;Good;Good;Good";10000;9;1;0.4043;0.00491;(0.39468, 0.41392);3.1058;3.71308;2.69364
;"Demon;Godfather;DA;Klutz;PoppyGrower;Good;Good;Good;Good;Good;Good";10000;11;2;0.3638;0.00481;(0.35437, 0.37323);3.8331;4.75371;3.30666
;"Demon;Godfather;DA;Klutz;Outsider;PoppyGrower;Good;Good;Good;Good;Good;Good";10000;12;2;0.3204;0.00467;(0.31125, 0.32955);4.1748;5.11236;3.73278
;"Demon;Godfather;DA;Boomdandy;Klutz;PoppyGrower;Good;Good;Good;Good;Good;Good;Good;Good";10000;14;3;0.3709;0.00483;(0.36143, 0.38037);3.999;4.33971;3.79812
;"Demon;Godfather;Saint;Good;Good;Good;Good;Good";10000;8;1;0.4227;0.00494;(0.41302, 0.43238);2.764;3.1119;2.50927
;"Demon;Godfather;Saint;Outsider;Good;Good;Good;Good;Good";10000;9;1;0.4493;0.00497;(0.43955, 0.45905);2.9799;3.48275;2.56964
;"Demon;Godfather;DA;Saint;Good;Good;Good;Good;Good;Good;Good";10000;11;2;0.5683;0.00495;(0.55859, 0.57801);3.9758;4.4195;3.39171
;"Demon;Godfather;DA;Saint;Outsider;Good;Good;Good;Good;Good;Good;Good";10000;12;2;0.5601;0.00496;(0.55037, 0.56983);4.1595;4.58186;3.62173
;"Demon;Godfather;DA;Boomdandy;Saint;Good;Good;Good;Good;Good;Good;Good;Good;Good";10000;14;3;0.5565;0.00497;(0.54676, 0.56624);3.9419;4.3159;3.4726
;"Demon;Godfather;Saint;PoppyGrower;Good;Good;Good;Good";10000;8;1;0.3509;0.00477;(0.34155, 0.36025);2.9484;3.45341;2.6754
;"Demon;Godfather;Saint;Outsider;PoppyGrower;Good;Good;Good;Good";10000;9;1;0.4043;0.00491;(0.39468, 0.41392);3.1058;3.71308;2.69364
;"Demon;Godfather;DA;Saint;PoppyGrower;Good;Good;Good;Good;Good;Good";10000;11;2;0.3638;0.00481;(0.35437, 0.37323);3.8331;4.75371;3.30666
;"Demon;Godfather;DA;Saint;Outsider;PoppyGrower;Good;Good;Good;Good;Good;Good";10000;12;2;0.3204;0.00467;(0.31125, 0.32955);4.1748;5.11236;3.73278
;"Demon;Godfather;DA;Boomdandy;Saint;PoppyGrower;Good;Good;Good;Good;Good;Good;Good;Good";10000;14;3;0.3709;0.00483;(0.36143, 0.38037);3.999;4.33971;3.79812
;"Demon;Godfather;Saint;Klutz;Good;Good;Good;Good;Good";10000;9;1;0.4351;0.00496;(0.42538, 0.44482);3.0941;3.69157;2.63392
;"Demon;Godfather;DA;Saint;Klutz;Good;Good;Good;Good;Good;Good;Good";10000;12;2;0.5337;0.00499;(0.52392, 0.54348);4.3815;4.87708;3.81428
;"Demon;Godfather;Saint;Klutz;PoppyGrower;Good;Good;Good;Good";10000;9;1;0.4008;0.0049;(0.39119, 0.41041);3.1736;3.83757;2.72947
;"Demon;Godfather;DA;Saint;Klutz;PoppyGrower;Good;Good;Good;Good;Good;Good";10000;12;2;0.2957;0.00456;(0.28676, 0.30464);4.2872;5.32973;3.8495
;"Demon;Godfather;DA;Goblin;Good;Good;Good;Good;Good;Good;Good;Good;Good";10000;13;3;0.7055;0.00456;(0.69657, 0.71443);3.6329;3.79561;3.24312
;"Demon;Godfather;DA;Goblin;Outsider;Good;Good;Good;Good;Good;Good;Good;Good;Good";10000;14;3;0.7159;0.00451;(0.70706, 0.72474);3.8315;4.00475;3.39493
;"Demon;Godfather;DA;Goblin;PoppyGrower;Good;Good;Good;Good;Good;Good;Good;Good";10000;13;3;0.5171;0.005;(0.50731, 0.52689);3.7017;3.84819;3.54483
;"Demon;Godfather;DA;Goblin;Outsider;PoppyGrower;Good;Good;Good;Good;Good;Good;Good;Good";10000;14;3;0.4789;0.005;(0.46911, 0.48869);3.9235;3.97056;3.88025
;"Demon;Godfather;DA;Goblin;Klutz;Good;Good;Good;Good;Good;Good;Good;Good;Good";10000;14;3;0.7058;0.00456;(0.69687, 0.71473);3.9642;4.15954;3.49558
;"Demon;Godfather;DA;Goblin;Klutz;PoppyGrower;Good;Good;Good;Good;Good;Good;Good;Good";10000;14;3;0.4759;0.00499;(0.46611, 0.48569);3.9985;4.06346;3.93952
;"Demon;Godfather;DA;Goblin;Saint;Good;Good;Good;Good;Good;Good;Good;Good;Good";10000;14;3;0.7058;0.00456;(0.69687, 0.71473);3.9642;4.15954;3.49558
;"Demon;Godfather;DA;Goblin;Saint;PoppyGrower;Good;Good;Good;Good;Good;Good;Good;Good";10000;14;3;0.4759;0.00499;(0.46611, 0.48569);3.9985;4.06346;3.93952
;"Demon;Godfather;DA;Witch;Good;Good;Good;Good;Good;Good;Good;Good;Good";10000;13;3;0.5962;0.00491;(0.58658, 0.60582);4.4863;4.98172;3.75483
;"Demon;Godfather;DA;Witch;Outsider;Good;Good;Good;Good;Good;Good;Good;Good;Good";10000;14;3;0.6065;0.00489;(0.59692, 0.61608);4.6684;5.12003;3.9723
;"Demon;Godfather;DA;Witch;PoppyGrower;Good;Good;Good;Good;Good;Good;Good;Good";10000;13;3;0.3463;0.00476;(0.33697, 0.35563);4.448;5.568;3.85467
;"Demon;Godfather;DA;Witch;Outsider;PoppyGrower;Good;Good;Good;Good;Good;Good;Good;Good";10000;14;3;0.3275;0.00469;(0.3183, 0.3367);4.7458;5.84672;4.20967
;"Demon;Godfather;DA;Witch;Klutz;Good;Good;Good;Good;Good;Good;Good;Good;Good";10000;14;3;0.583;0.00493;(0.57334, 0.59266);4.8903;5.4458;4.11367
;"Demon;Godfather;DA;Witch;Klutz;PoppyGrower;Good;Good;Good;Good;Good;Good;Good;Good";10000;14;3;0.3076;0.00461;(0.29855, 0.31665);4.8331;6.06177;4.28726
;"Demon;Godfather;DA;Witch;Saint;Good;Good;Good;Good;Good;Good;Good;Good;Good";10000;14;3;0.583;0.00493;(0.57334, 0.59266);4.8903;5.4458;4.11367
;"Demon;Godfather;DA;Witch;Saint;PoppyGrower;Good;Good;Good;Good;Good;Good;Good;Good";10000;14;3;0.3076;0.00461;(0.29855, 0.31665);4.8331;6.06177;4.28726
;"Demon;Godfather;Boomdandy;Good;Good;Good;Good;Good;Good;Good";10000;10;2;0.4833;0.005;(0.47351, 0.49309);2.7017;3.00414;2.41881
;"Demon;Godfather;Boomdandy;Outsider;Good;Good;Good;Good;Good;Good;Good";10000;11;2;0.4702;0.00499;(0.46042, 0.47998);2.8863;3.15695;2.64609
;"Demon;Godfather;Boomdandy;Outsider;Outsider;Good;Good;Good;Good;Good;Good;Good";10000;12;2;0.492;0.005;(0.4822, 0.5018);3.0187;3.32459;2.72244
;"Demon;Godfather;Boomdandy;Goblin;Good;Good;Good;Good;Good;Good;Good;Good;Good";10000;13;3;0.6096;0.00488;(0.60004, 0.61916);2.7877;2.91404;2.59042
;"Demon;Godfather;Boomdandy;Goblin;Outsider;Good;Good;Good;Good;Good;Good;Good;Good;Good";10000;14;3;0.6039;0.00489;(0.59431, 0.61349);2.9744;3.08942;2.79904
;"Demon;Godfather;Boomdandy;PoppyGrower;Good;Good;Good;Good;Good;Good";10000;10;2;0.4018;0.0049;(0.39219, 0.41141);2.9414;3.20259;2.76596
;"Demon;Godfather;Boomdandy;Outsider;PoppyGrower;Good;Good;Good;Good;Good;Good";10000;11;2;0.4156;0.00493;(0.40594, 0.42526);3.1356;3.49086;2.88296
;"Demon;Godfather;Boomdandy;Outsider;Outsider;PoppyGrower;Good;Good;Good;Good;Good;Good";10000;12;2;0.3978;0.00489;(0.38821, 0.40739);3.3888;3.7084;3.17768
;"Demon;Godfather;Boomdandy;Goblin;PoppyGrower;Good;Good;Good;Good;Good;Good;Good;Good";10000;13;3;0.539;0.00498;(0.52923, 0.54877);3.098;3.11763;3.07505
;"Demon;Godfather;Boomdandy;Goblin;Outsider;PoppyGrower;Good;Good;Good;Good;Good;Good;Good;Good";10000;14;3;0.5281;0.00499;(0.51832, 0.53788);3.2809;3.24673;3.31914
;"Demon;Godfather;Boomdandy;Klutz;Good;Good;Good;Good;Good;Good;Good";10000;11;2;0.4584;0.00498;(0.44863, 0.46817);2.987;3.25785;2.75775
;"Demon;Godfather;Boomdandy;Klutz;Outsider;Good;Good;Good;Good;Good;Good;Good";10000;12;2;0.483;0.005;(0.47321, 0.49279);3.111;3.44099;2.80271
;"Demon;Godfather;Boomdandy;Goblin;Klutz;Good;Good;Good;Good;Good;Good;Good;Good;Good";10000;14;3;0.5974;0.0049;(0.58779, 0.60701);3.0255;3.14396;2.84973
;"Demon;Godfather;Boomdandy;Klutz;PoppyGrower;Good;Good;Good;Good;Good;Good";10000;11;2;0.4142;0.00493;(0.40455, 0.42385);3.2105;3.59899;2.93581
;"Demon;Godfather;Boomdandy;Klutz;Outsider;PoppyGrower;Good;Good;Good;Good;Good;Good";10000;12;2;0.3897;0.00488;(0.38014, 0.39926);3.447;3.7475;3.25512
;"Demon;Godfather;Boomdandy;Goblin;Klutz;PoppyGrower;Good;Good;Good;Good;Good;Good;Good;Good";10000;14;3;0.5246;0.00499;(0.51481, 0.53439);3.3471;3.27545;3.42617
;"Demon;Godfather;Boomdandy;Saint;Good;Good;Good;Good;Good;Good;Good";10000;11;2;0.4584;0.00498;(0.44863, 0.46817);2.987;3.25785;2.75775
;"Demon;Godfather;Boomdandy;Saint;Outsider;Good;Good;Good;Good;Good;Good;Good";10000;12;2;0.483;0.005;(0.47321, 0.49279);3.111;3.44099;2.80271
;"Demon;Godfather;Boomdandy;Goblin;Saint;Good;Good;Good;Good;Good;Good;Good;Good;Good";10000;14;3;0.5974;0.0049;(0.58779, 0.60701);3.0255;3.14396;2.84973
;"Demon;Godfather;Boomdandy;Saint;PoppyGrower;Good;Good;Good;Good;Good;Good";10000;11;2;0.4142;0.00493;(0.40455, 0.42385);3.2105;3.59899;2.93581
;"Demon;Godfather;Boomdandy;Saint;Outsider;PoppyGrower;Good;Good;Good;Good;Good;Good";10000;12;2;0.3897;0.00488;(0.38014, 0.39926);3.447;3.7475;3.25512
;"Demon;Godfather;Boomdandy;Goblin;Saint;PoppyGrower;Good;Good;Good;Good;Good;Good;Good;Good";10000;14;3;0.5246;0.00499;(0.51481, 0.53439);3.3471;3.27545;3.42617
;"Demon;Godfather;Boomdandy;Saint;Klutz;Good;Good;Good;Good;Good;Good;Good";10000;12;2;0.4665;0.00499;(0.45672, 0.47628);3.2039;3.5702;2.8836
;"Demon;Godfather;Boomdandy;Saint;Klutz;PoppyGrower;Good;Good;Good;Good;Good;Good";10000;12;2;0.3796;0.00485;(0.37009, 0.38911);3.5106;3.76133;3.35719
;"Demon;Godfather;Boomdandy;Witch;Good;Good;Good;Good;Good;Good;Good;Good;Good";10000;13;3;0.4776;0.00499;(0.46781, 0.48739);3.3468;3.72299;3.00287
;"Demon;Godfather;Boomdandy;Witch;Outsider;Good;Good;Good;Good;Good;Good;Good;Good;Good";10000;14;3;0.477;0.00499;(0.46721, 0.48679);3.5197;3.89245;3.17973
;"Demon;Godfather;Boomdandy;Witch;PoppyGrower;Good;Good;Good;Good;Good;Good;Good;Good";10000;13;3;0.3981;0.0049;(0.38851, 0.40769);3.6814;4.08867;3.41203
;"Demon;Godfather;Boomdandy;Witch;Outsider;PoppyGrower;Good;Good;Good;Good;Good;Good;Good;Good";10000;14;3;0.3915;0.00488;(0.38193, 0.40107);3.9329;4.30192;3.69548
;"Demon;Godfather;Boomdandy;Witch;Klutz;Good;Good;Good;Good;Good;Good;Good;Good;Good";10000;14;3;0.4654;0.00499;(0.45562, 0.47518);3.6025;4.00451;3.25253
;"Demon;Godfather;Boomdandy;Witch;Klutz;PoppyGrower;Good;Good;Good;Good;Good;Good;Good;Good";10000;14;3;0.3795;0.00485;(0.36999, 0.38901);3.9851;4.34598;3.76438
;"Demon;Godfather;Boomdandy;Witch;Saint;Good;Good;Good;Good;Good;Good;Good;Good;Good";10000;14;3;0.4654;0.00499;(0.45562, 0.47518);3.6025;4.00451;3.25253
;"Demon;Godfather;Boomdandy;Witch;Saint;PoppyGrower;Good;Good;Good;Good;Good;Good;Good;Good";10000;14;3;0.3795;0.00485;(0.36999, 0.38901);3.9851;4.34598;3.76438
;"Demon;Godfather;Goblin;Good;Good;Good;Good;Good;Good;Good";10000;10;2;0.6152;0.00487;(0.60566, 0.62474);2.6938;2.87549;2.40333
;"Demon;Godfather;Goblin;Outsider;Good;Good;Good;Good;Good;Good;Good";10000;11;2;0.6078;0.00488;(0.59823, 0.61737);2.8999;3.05512;2.65936
;"Demon;Godfather;Goblin;Outsider;Outsider;Good;Good;Good;Good;Good;Good;Good";10000;12;2;0.622;0.00485;(0.6125, 0.6315);3.0186;3.19823;2.72302
;"Demon;Godfather;Goblin;Witch;Good;Good;Good;Good;Good;Good;Good;Good;Good";10000;13;3;0.6009;0.0049;(0.5913, 0.6105);3.3539;3.5575;3.04736
;"Demon;Godfather;Goblin;Witch;Outsider;Good;Good;Good;Good;Good;Good;Good;Good;Good";10000;14;3;0.6054;0.00489;(0.59582, 0.61498);3.5267;3.73472;3.20755
;"Demon;Godfather;Goblin;PoppyGrower;Good;Good;Good;Good;Good;Good";10000;10;2;0.5064;0.005;(0.4966, 0.5162);2.9562;3.01007;2.90093
;"Demon;Godfather;Goblin;Outsider;PoppyGrower;Good;Good;Good;Good;Good;Good";10000;11;2;0.5206;0.005;(0.51081, 0.53039);3.1338;3.24337;3.01481
;"Demon;Godfather;Goblin;Outsider;Outsider;PoppyGrower;Good;Good;Good;Good;Good;Good";10000;12;2;0.501;0.005;(0.4912, 0.5108);3.3929;3.45749;3.32806
;"Demon;Godfather;Goblin;Witch;PoppyGrower;Good;Good;Good;Good;Good;Good;Good;Good";10000;13;3;0.5055;0.005;(0.4957, 0.5153);3.6881;3.83244;3.54055
;"Demon;Godfather;Goblin;Witch;Outsider;PoppyGrower;Good;Good;Good;Good;Good;Good;Good;Good";10000;14;3;0.491;0.005;(0.4812, 0.5008);3.9094;4.01711;3.8055
;"Demon;Godfather;Goblin;Klutz;Good;Good;Good;Good;Good;Good;Good";10000;11;2;0.5957;0.00491;(0.58608, 0.60532);2.9707;3.1296;2.73658
;"Demon;Godfather;Goblin;Klutz;Outsider;Good;Good;Good;Good;Good;Good;Good";10000;12;2;0.6153;0.00487;(0.60576, 0.62484);3.1094;3.31399;2.78217
;"Demon;Godfather;Goblin;Witch;Klutz;Good;Good;Good;Good;Good;Good;Good;Good;Good";10000;14;3;0.5955;0.00491;(0.58588, 0.60512);3.6292;3.86583;3.28084
;"Demon;Godfather;Goblin;Klutz;PoppyGrower;Good;Good;Good;Good;Good;Good";10000;11;2;0.5194;0.005;(0.50961, 0.52919);3.2138;3.36292;3.05264
;"Demon;Godfather;Goblin;Klutz;Outsider;PoppyGrower;Good;Good;Good;Good;Good;Good";10000;12;2;0.4935;0.005;(0.4837, 0.5033);3.4579;3.50821;3.40888
;"Demon;Godfather;Goblin;Witch;Klutz;PoppyGrower;Good;Good;Good;Good;Good;Good;Good;Good";10000;14;3;0.4828;0.005;(0.47301, 0.49259);3.9874;4.0872;3.89424
;"Demon;Godfather;Goblin;Saint;Good;Good;Good;Good;Good;Good;Good";10000;11;2;0.5957;0.00491;(0.58608, 0.60532);2.9707;3.1296;2.73658
;"Demon;Godfather;Goblin;Saint;Outsider;Good;Good;Good;Good;Good;Good;Good";10000;12;2;0.6153;0.00487;(0.60576, 0.62484);3.1094;3.31399;2.78217
;"Demon;Godfather;Goblin;Witch;Saint;Good;Good;Good;Good;Good;Good;Good;Good;Good";10000;14;3;0.5955;0.00491;(0.58588, 0.60512);3.6292;3.86583;3.28084
;"Demon;Godfather;Goblin;Saint;PoppyGrower;Good;Good;Good;Good;Good;Good";10000;11;2;0.5194;0.005;(0.50961, 0.52919);3.2138;3.36292;3.05264
;"Demon;Godfather;Goblin;Saint;Outsider;PoppyGrower;Good;Good;Good;Good;Good;Good";10000;12;2;0.4935;0.005;(0.4837, 0.5033);3.4579;3.50821;3.40888
;"Demon;Godfather;Goblin;Witch;Saint;PoppyGrower;Good;Good;Good;Good;Good;Good;Good;Good";10000;14;3;0.4828;0.005;(0.47301, 0.49259);3.9874;4.0872;3.89424
;"Demon;Godfather;Goblin;Saint;Klutz;Good;Good;Good;Good;Good;Good;Good";10000;12;2;0.601;0.0049;(0.5914, 0.6106);3.2143;3.42745;2.89323
;"Demon;Godfather;Goblin;Saint;Klutz;PoppyGrower;Good;Good;Good;Good;Good;Good";10000;12;2;0.4809;0.005;(0.47111, 0.49069);3.5312;3.5471;3.51647
;"Demon;DA;Good;Good;Good;Good;Good";10000;7;1;0.5459;0.00498;(0.53614, 0.55566);2.7278;3.03554;2.35785
;"Demon;DA;Outsider;Good;Good;Good;Good;Good";10000;8;1;0.4896;0.005;(0.4798, 0.4994);3.1395;3.49632;2.79722
;"Demon;DA;Outsider;Outsider;Good;Good;Good;Good;Good";10000;9;1;0.5791;0.00494;(0.56942, 0.58878);3.4977;4.04731;2.74151
;"Demon;DA;Boomdandy;Good;Good;Good;Good;Good;Good;Good";10000;10;2;0.5739;0.00495;(0.56421, 0.58359);2.9739;3.31643;2.51256
;"Demon;DA;Boomdandy;Outsider;Good;Good;Good;Good;Good;Good;Good";10000;11;2;0.5242;0.00499;(0.51441, 0.53399);3.321;3.595;3.01913
;"Demon;DA;Boomdandy;Outsider;Outsider;Good;Good;Good;Good;Good;Good;Good";10000;12;2;0.5151;0.005;(0.5053, 0.5249);3.5935;3.93361;3.23221
;"Demon;DA;Boomdandy;Goblin;Good;Good;Good;Good;Good;Good;Good;Good;Good";10000;13;3;0.6575;0.00475;(0.6482, 0.6668);3.0545;3.17749;2.81839
;"Demon;DA;Boomdandy;Goblin;Outsider;Good;Good;Good;Good;Good;Good;Good;Good;Good";10000;14;3;0.654;0.00476;(0.64468, 0.66332);3.3164;3.40581;3.1474
;"Demon;DA;PoppyGrower;Good;Good;Good;Good";10000;7;1;0.4608;0.00498;(0.45103, 0.47057);2.5527;3.0;2.17044
;"Demon;DA;Outsider;PoppyGrower;Good;Good;Good;Good";10000;8;1;0.3047;0.0046;(0.29568, 0.31372);3.061;3.75254;2.75795
;"Demon;DA;Outsider;Outsider;PoppyGrower;Good;Good;Good;Good";10000;9;1;0.409;0.00492;(0.39936, 0.41864);3.2573;4.0;2.74332
;"Demon;DA;Boomdandy;PoppyGrower;Good;Good;Good;Good;Good;Good";10000;10;2;0.3873;0.00487;(0.37775, 0.39685);3.041;3.3101;2.8709
;"Demon;DA;Boomdandy;Outsider;PoppyGrower;Good;Good;Good;Good;Good;Good";10000;11;2;0.4087;0.00492;(0.39906, 0.41834);3.2706;3.66406;2.99865
;"Demon;DA;Boomdandy;Outsider;Outsider;PoppyGrower;Good;Good;Good;Good;Good;Good";10000;12;2;0.3614;0.0048;(0.35198, 0.37082);3.5867;3.91201;3.4026
;"Demon;DA;Boomdandy;Goblin;PoppyGrower;Good;Good;Good;Good;Good;Good;Good;Good";10000;13;3;0.5381;0.00499;(0.52833, 0.54787);3.1356;3.17172;3.09353
;"Demon;DA;Boomdandy;Goblin;Outsider;PoppyGrower;Good;Good;Good;Good;Good;Good;Good;Good";10000;14;3;0.5204;0.005;(0.51061, 0.53019);3.3846;3.33167;3.44204
;"Demon;DA;Klutz;Good;Good;Good;Good;Good";10000;8;1;0.4896;0.005;(0.4798, 0.4994);3.1395;3.49632;2.79722
;"Demon;DA;Klutz;Outsider;Good;Good;Good;Good;Good";10000;9;1;0.5791;0.00494;(0.56942, 0.58878);3.4977;4.04731;2.74151
;"Demon;DA;Boomdandy;Klutz;Good;Good;Good;Good;Good;Good;Good";10000;11;2;0.5242;0.00499;(0.51441, 0.53399);3.321;3.595;3.01913
;"Demon;DA;Boomdandy;Klutz;Outsider;Good;Good;Good;Good;Good;Good;Good";10000;12;2;0.5151;0.005;(0.5053, 0.5249);3.5935;3.93361;3.23221
;"Demon;DA;Boomdandy;Goblin;Klutz;Good;Good;Good;Good;Good;Good;Good;Good;Good";10000;14;3;0.654;0.00476;(0.64468, 0.66332);3.3164;3.40581;3.1474
;"Demon;DA;Klutz;PoppyGrower;Good;Good;Good;Good";10000;8;1;0.3047;0.0046;(0.29568, 0.31372);3.061;3.75254;2.75795
;"Demon;DA;Klutz;Outsider;PoppyGrower;Good;Good;Good;Good";10000;9;1;0.409;0.00492;(0.39936, 0.41864);3.2573;4.0;2.74332
;"Demon;DA;Boomdandy;Klutz;PoppyGrower;Good;Good;Good;Good;Good;Good";10000;11;2;0.4087;0.00492;(0.39906, 0.41834);3.2706;3.66406;2.99865
;"Demon;DA;Boomdandy;Klutz;Outsider;PoppyGrower;Good;Good;Good;Good;Good;Good";10000;12;2;0.3614;0.0048;(0.35198, 0.37082);3.5867;3.91201;3.4026
;"Demon;DA;Boomdandy;Goblin;Klutz;PoppyGrower;Good;Good;Good;Good;Good;Good;Good;Good";10000;14;3;0.5204;0.005;(0.51061, 0.53019);3.3846;3.33167;3.44204
;"Demon;DA;Saint;Good;Good;Good;Good;Good";10000;8;1;0.4896;0.005;(0.4798, 0.4994);3.1395;3.49632;2.79722
;"Demon;DA;Saint;Outsider;Good;Good;Good;Good;Good";10000;9;1;0.5791;0.00494;(0.56942, 0.58878);3.4977;4.04731;2.74151
;"Demon;DA;Boomdandy;Saint;Good;Good;Good;Good;Good;Good;Good";10000;11;2;0.5242;0.00499;(0.51441, 0.53399);3.321;3.595;3.01913
;"Demon;DA;Boomdandy;Saint;Outsider;Good;Good;Good;Good;Good;Good;Good";10000;12;2;0.5151;0.005;(0.5053, 0.5249);3.5935;3.93361;3.23221
;"Demon;DA;Boomdandy;Goblin;Saint;Good;Good;Good;Good;Good;Good;Good;Good;Good";10000;14;3;0.654;0.00476;(0.64468, 0.66332);3.3164;3.40581;3.1474
;"Demon;DA;Saint;PoppyGrower;Good;Good;Good;Good";10000;8;1;0.3047;0.0046;(0.29568, 0.31372);3.061;3.75254;2.75795
;"Demon;DA;Saint;Outsider;PoppyGrower;Good;Good;Good;Good";10000;9;1;0.409;0.00492;(0.39936, 0.41864);3.2573;4.0;2.74332
;"Demon;DA;Boomdandy;Saint;PoppyGrower;Good;Good;Good;Good;Good;Good";10000;11;2;0.4087;0.00492;(0.39906, 0.41834);3.2706;3.66406;2.99865
;"Demon;DA;Boomdandy;Saint;Outsider;PoppyGrower;Good;Good;Good;Good;Good;Good";10000;12;2;0.3614;0.0048;(0.35198, 0.37082);3.5867;3.91201;3.4026
;"Demon;DA;Boomdandy;Goblin;Saint;PoppyGrower;Good;Good;Good;Good;Good;Good;Good;Good";10000;14;3;0.5204;0.005;(0.51061, 0.53019);3.3846;3.33167;3.44204
;"Demon;DA;Saint;Klutz;Good;Good;Good;Good;Good";10000;9;1;0.5791;0.00494;(0.56942, 0.58878);3.4977;4.04731;2.74151
;"Demon;DA;Boomdandy;Saint;Klutz;Good;Good;Good;Good;Good;Good;Good";10000;12;2;0.5151;0.005;(0.5053, 0.5249);3.5935;3.93361;3.23221
;"Demon;DA;Saint;Klutz;PoppyGrower;Good;Good;Good;Good";10000;9;1;0.409;0.00492;(0.39936, 0.41864);3.2573;4.0;2.74332
;"Demon;DA;Boomdandy;Saint;Klutz;PoppyGrower;Good;Good;Good;Good;Good;Good";10000;12;2;0.3614;0.0048;(0.35198, 0.37082);3.5867;3.91201;3.4026
;"Demon;DA;Boomdandy;Witch;Good;Good;Good;Good;Good;Good;Good;Good;Good";10000;13;3;0.5328;0.00499;(0.52302, 0.54258);3.7259;4.1036;3.29516
;"Demon;DA;Boomdandy;Witch;Outsider;Good;Good;Good;Good;Good;Good;Good;Good;Good";10000;14;3;0.5318;0.00499;(0.52202, 0.54158);3.9939;4.4056;3.52627
;"Demon;DA;Boomdandy;Witch;PoppyGrower;Good;Good;Good;Good;Good;Good;Good;Good";10000;13;3;0.3917;0.00488;(0.38213, 0.40127);3.8125;4.28746;3.50666
;"Demon;DA;Boomdandy;Witch;Outsider;PoppyGrower;Good;Good;Good;Good;Good;Good;Good;Good";10000;14;3;0.371;0.00483;(0.36153, 0.38047);4.0828;4.47628;3.85072
;"Demon;DA;Boomdandy;Witch;Klutz;Good;Good;Good;Good;Good;Good;Good;Good;Good";10000;14;3;0.5318;0.00499;(0.52202, 0.54158);3.9939;4.4056;3.52627
;"Demon;DA;Boomdandy;Witch;Klutz;PoppyGrower;Good;Good;Good;Good;Good;Good;Good;Good";10000;14;3;0.371;0.00483;(0.36153, 0.38047);4.0828;4.47628;3.85072
;"Demon;DA;Boomdandy;Witch;Saint;Good;Good;Good;Good;Good;Good;Good;Good;Good";10000;14;3;0.5318;0.00499;(0.52202, 0.54158);3.9939;4.4056;3.52627
;"Demon;DA;Boomdandy;Witch;Saint;PoppyGrower;Good;Good;Good;Good;Good;Good;Good;Good";10000;14;3;0.371;0.00483;(0.36153, 0.38047);4.0828;4.47628;3.85072
;"Demon;DA;Goblin;Good;Good;Good;Good;Good;Good;Good";10000;10;2;0.72;0.00449;(0.7112, 0.7288);2.987;3.16917;2.51857
;"Demon;DA;Goblin;Outsider;Good;Good;Good;Good;Good;Good;Good";10000;11;2;0.6822;0.00466;(0.67307, 0.69133);3.3129;3.44943;3.01982
;"Demon;DA;Goblin;Outsider;Outsider;Good;Good;Good;Good;Good;Good;Good";10000;12;2;0.6635;0.00473;(0.65424, 0.67276);3.5922;3.7679;3.24577
;"Demon;DA;Goblin;Witch;Good;Good;Good;Good;Good;Good;Good;Good;Good";10000;13;3;0.6832;0.00465;(0.67408, 0.69232);3.7234;3.88759;3.36932
;"Demon;DA;Goblin;Witch;Outsider;Good;Good;Good;Good;Good;Good;Good;Good;Good";10000;14;3;0.6859;0.00464;(0.6768, 0.695);4.053;4.25631;3.60904
;"Demon;DA;Goblin;PoppyGrower;Good;Good;Good;Good;Good;Good";10000;10;2;0.4966;0.005;(0.4868, 0.5064);3.0481;3.08578;3.01093
;"Demon;DA;Goblin;Outsider;PoppyGrower;Good;Good;Good;Good;Good;Good";10000;11;2;0.5115;0.005;(0.5017, 0.5213);3.2759;3.43656;3.10768
;"Demon;DA;Goblin;Outsider;Outsider;PoppyGrower;Good;Good;Good;Good;Good;Good";10000;12;2;0.4644;0.00499;(0.45462, 0.47418);3.5963;3.62618;3.57039
;"Demon;DA;Goblin;Witch;PoppyGrower;Good;Good;Good;Good;Good;Good;Good;Good";10000;13;3;0.5001;0.005;(0.4903, 0.5099);3.7762;3.93581;3.61652
;"Demon;DA;Goblin;Witch;Outsider;PoppyGrower;Good;Good;Good;Good;Good;Good;Good;Good";10000;14;3;0.4773;0.00499;(0.46751, 0.48709);4.0854;4.12592;4.0484
;"Demon;DA;Goblin;Klutz;Good;Good;Good;Good;Good;Good;Good";10000;11;2;0.6822;0.00466;(0.67307, 0.69133);3.3129;3.44943;3.01982
;"Demon;DA;Goblin;Klutz;Outsider;Good;Good;Good;Good;Good;Good;Good";10000;12;2;0.6635;0.00473;(0.65424, 0.67276);3.5922;3.7679;3.24577
;"Demon;DA;Goblin;Witch;Klutz;Good;Good;Good;Good;Good;Good;Good;Good;Good";10000;14;3;0.6859;0.00464;(0.6768, 0.695);4.053;4.25631;3.60904
;"Demon;DA;Goblin;Klutz;PoppyGrower;Good;Good;Good;Good;Good;Good";10000;11;2;0.5115;0.005;(0.5017, 0.5213);3.2759;3.43656;3.10768
;"Demon;DA;Goblin;Klutz;Outsider;PoppyGrower;Good;Good;Good;Good;Good;Good";10000;12;2;0.4644;0.00499;(0.45462, 0.47418);3.5963;3.62618;3.57039
;"Demon;DA;Goblin;Witch;Klutz;PoppyGrower;Good;Good;Good;Good;Good;Good;Good;Good";10000;14;3;0.4773;0.00499;(0.46751, 0.48709);4.0854;4.12592;4.0484
;"Demon;DA;Goblin;Saint;Good;Good;Good;Good;Good;Good;Good";10000;11;2;0.6822;0.00466;(0.67307, 0.69133);3.3129;3.44943;3.01982
;"Demon;DA;Goblin;Saint;Outsider;Good;Good;Good;Good;Good;Good;Good";10000;12;2;0.6635;0.00473;(0.65424, 0.67276);3.5922;3.7679;3.24577
;"Demon;DA;Goblin;Witch;Saint;Good;Good;Good;Good;Good;Good;Good;Good;Good";10000;14;3;0.6859;0.00464;(0.6768, 0.695);4.053;4.25631;3.60904
;"Demon;DA;Goblin;Saint;PoppyGrower;Good;Good;Good;Good;Good;Good";10000;11;2;0.5115;0.005;(0.5017, 0.5213);3.2759;3.43656;3.10768
;"Demon;DA;Goblin;Saint;Outsider;PoppyGrower;Good;Good;Good;Good;Good;Good";10000;12;2;0.4644;0.00499;(0.45462, 0.47418);3.5963;3.62618;3.57039
;"Demon;DA;Goblin;Witch;Saint;PoppyGrower;Good;Good;Good;Good;Good;Good;Good;Good";10000;14;3;0.4773;0.00499;(0.46751, 0.48709);4.0854;4.12592;4.0484
;"Demon;DA;Goblin;Saint;Klutz;Good;Good;Good;Good;Good;Good;Good";10000;12;2;0.6635;0.00473;(0.65424, 0.67276);3.5922;3.7679;3.24577
;"Demon;DA;Goblin;Saint;Klutz;PoppyGrower;Good;Good;Good;Good;Good;Good";10000;12;2;0.4644;0.00499;(0.45462, 0.47418);3.5963;3.62618;3.57039
;"Demon;Boomdandy;Good;Good;Good;Good;Good";10000;7;1;0.4267;0.00495;(0.41701, 0.43639);2.13;2.3138;1.9932
;"Demon;Boomdandy;Outsider;Good;Good;Good;Good;Good";10000;8;1;0.5022;0.005;(0.4924, 0.512);2.2488;2.50139;1.99397
;"Demon;Boomdandy;Outsider;Outsider;Good;Good;Good;Good;Good";10000;9;1;0.4041;0.00491;(0.39448, 0.41372);2.6563;2.878;2.50596
;"Demon;Boomdandy;Goblin;Good;Good;Good;Good;Good;Good;Good";10000;10;2;0.5861;0.00493;(0.57645, 0.59575);2.3482;2.4088;2.26238
;"Demon;Boomdandy;Goblin;Outsider;Good;Good;Good;Good;Good;Good;Good";10000;11;2;0.61;0.00488;(0.60044, 0.61956);2.5001;2.61836;2.31513
;"Demon;Boomdandy;Goblin;Outsider;Outsider;Good;Good;Good;Good;Good;Good;Good";10000;12;2;0.575;0.00494;(0.56531, 0.58469);2.7792;2.82643;2.71529
;"Demon;Boomdandy;Goblin;Witch;Good;Good;Good;Good;Good;Good;Good;Good;Good";10000;13;3;0.6023;0.00489;(0.59271, 0.61189);2.8619;2.98539;2.67488
;"Demon;Boomdandy;Goblin;Witch;Outsider;Good;Good;Good;Good;Good;Good;Good;Good;Good";10000;14;3;0.588;0.00492;(0.57835, 0.59765);3.0958;3.18588;2.96723
;"Demon;Boomdandy;PoppyGrower;Good;Good;Good;Good";10000;7;1;0.4472;0.00497;(0.43745, 0.45695);2.1634;2.39356;1.97721
;"Demon;Boomdandy;Outsider;PoppyGrower;Good;Good;Good;Good";10000;8;1;0.4028;0.0049;(0.39319, 0.41241);2.5029;2.67651;2.3858
;"Demon;Boomdandy;Outsider;Outsider;PoppyGrower;Good;Good;Good;Good";10000;9;1;0.4276;0.00495;(0.4179, 0.4373);2.738;3.03648;2.51502
;"Demon;Boomdandy;Goblin;PoppyGrower;Good;Good;Good;Good;Good;Good";10000;10;2;0.5376;0.00499;(0.52783, 0.54737);2.5232;2.50595;2.54325
;"Demon;Boomdandy;Goblin;Outsider;PoppyGrower;Good;Good;Good;Good;Good;Good";10000;11;2;0.5432;0.00498;(0.53344, 0.55296);2.7516;2.78406;2.713
;"Demon;Boomdandy;Goblin;Outsider;Outsider;PoppyGrower;Good;Good;Good;Good;Good;Good";10000;12;2;0.5339;0.00499;(0.52412, 0.54368);2.9649;2.91084;3.02682
;"Demon;Boomdandy;Goblin;Witch;PoppyGrower;Good;Good;Good;Good;Good;Good;Good;Good";10000;13;3;0.5372;0.00499;(0.52743, 0.54697);3.1468;3.16809;3.12208
;"Demon;Boomdandy;Goblin;Witch;Outsider;PoppyGrower;Good;Good;Good;Good;Good;Good;Good;Good";10000;14;3;0.5205;0.005;(0.51071, 0.53029);3.3562;3.30125;3.41585
;"Demon;Boomdandy;Klutz;Good;Good;Good;Good;Good";10000;8;1;0.5022;0.005;(0.4924, 0.512);2.2488;2.50139;1.99397
;"Demon;Boomdandy;Klutz;Outsider;Good;Good;Good;Good;Good";10000;9;1;0.4041;0.00491;(0.39448, 0.41372);2.6563;2.878;2.50596
;"Demon;Boomdandy;Goblin;Klutz;Good;Good;Good;Good;Good;Good;Good";10000;11;2;0.61;0.00488;(0.60044, 0.61956);2.5001;2.61836;2.31513
;"Demon;Boomdandy;Goblin;Klutz;Outsider;Good;Good;Good;Good;Good;Good;Good";10000;12;2;0.575;0.00494;(0.56531, 0.58469);2.7792;2.82643;2.71529
;"Demon;Boomdandy;Goblin;Witch;Klutz;Good;Good;Good;Good;Good;Good;Good;Good;Good";10000;14;3;0.588;0.00492;(0.57835, 0.59765);3.0958;3.18588;2.96723
;"Demon;Boomdandy;Klutz;PoppyGrower;Good;Good;Good;Good";10000;8;1;0.4028;0.0049;(0.39319, 0.41241);2.5029;2.67651;2.3858
;"Demon;Boomdandy;Klutz;Outsider;PoppyGrower;Good;Good;Good;Good";10000;9;1;0.4276;0.00495;(0.4179, 0.4373);2.738;3.03648;2.51502
;"Demon;Boomdandy;Goblin;Klutz;PoppyGrower;Good;Good;Good;Good;Good;Good";10000;11;2;0.5432;0.00498;(0.53344, 0.55296);2.7516;2.78406;2.713
;"Demon;Boomdandy;Goblin;Klutz;Outsider;PoppyGrower;Good;Good;Good;Good;Good;Good";10000;12;2;0.5339;0.00499;(0.52412, 0.54368);2.9649;2.91084;3.02682
;"Demon;Boomdandy;Goblin;Witch;Klutz;PoppyGrower;Good;Good;Good;Good;Good;Good;Good;Good";10000;14;3;0.5205;0.005;(0.51071, 0.53029);3.3562;3.30125;3.41585
;"Demon;Boomdandy;Saint;Good;Good;Good;Good;Good";10000;8;1;0.5022;0.005;(0.4924, 0.512);2.2488;2.50139;1.99397
;"Demon;Boomdandy;Saint;Outsider;Good;Good;Good;Good;Good";10000;9;1;0.4041;0.00491;(0.39448, 0.41372);2.6563;2.878;2.50596
;"Demon;Boomdandy;Goblin;Saint;Good;Good;Good;Good;Good;Good;Good";10000;11;2;0.61;0.00488;(0.60044, 0.61956);2.5001;2.61836;2.31513
;"Demon;Boomdandy;Goblin;Saint;Outsider;Good;Good;Good;Good;Good;Good;Good";10000;12;2;0.575;0.00494;(0.56531, 0.58469);2.7792;2.82643;2.71529
;"Demon;Boomdandy;Goblin;Witch;Saint;Good;Good;Good;Good;Good;Good;Good;Good;Good";10000;14;3;0.588;0.00492;(0.57835, 0.59765);3.0958;3.18588;2.96723
;"Demon;Boomdandy;Saint;PoppyGrower;Good;Good;Good;Good";10000;8;1;0.4028;0.0049;(0.39319, 0.41241);2.5029;2.67651;2.3858
;"Demon;Boomdandy;Saint;Outsider;PoppyGrower;Good;Good;Good;Good";10000;9;1;0.4276;0.00495;(0.4179, 0.4373);2.738;3.03648;2.51502
;"Demon;Boomdandy;Goblin;Saint;PoppyGrower;Good;Good;Good;Good;Good;Good";10000;11;2;0.5432;0.00498;(0.53344, 0.55296);2.7516;2.78406;2.713
;"Demon;Boomdandy;Goblin;Saint;Outsider;PoppyGrower;Good;Good;Good;Good;Good;Good";10000;12;2;0.5339;0.00499;(0.52412, 0.54368);2.9649;2.91084;3.02682
;"Demon;Boomdandy;Goblin;Witch;Saint;PoppyGrower;Good;Good;Good;Good;Good;Good;Good;Good";10000;14;3;0.5205;0.005;(0.51071, 0.53029);3.3562;3.30125;3.41585
;"Demon;Boomdandy;Saint;Klutz;Good;Good;Good;Good;Good";10000;9;1;0.4041;0.00491;(0.39448, 0.41372);2.6563;2.878;2.50596
;"Demon;Boomdandy;Goblin;Saint;Klutz;Good;Good;Good;Good;Good;Good;Good";10000;12;2;0.575;0.00494;(0.56531, 0.58469);2.7792;2.82643;2.71529
;"Demon;Boomdandy;Saint;Klutz;PoppyGrower;Good;Good;Good;Good";10000;9;1;0.4276;0.00495;(0.4179, 0.4373);2.738;3.03648;2.51502
;"Demon;Boomdandy;Goblin;Saint;Klutz;PoppyGrower;Good;Good;Good;Good;Good;Good";10000;12;2;0.5339;0.00499;(0.52412, 0.54368);2.9649;2.91084;3.02682
